Time_Index,Load_HSC_Tonne_z1
1,5.17
2,5.17
3,5.17
4,5.17
5,5.17
6,5.17
7,5.17
8,5.17
9,5.17
10,5.17
11,5.17
12,5.17
13,5.17
14,5.17
15,5.17
16,5.17
17,5.17
18,5.17
19,5.17
20,5.17
21,5.17
22,5.17
23,5.17
24,5.17
25,5.17
26,5.17
27,5.17
28,5.17
29,5.17
30,5.17
31,5.17
32,5.17
33,5.17
34,5.17
35,5.17
36,5.17
37,5.17
38,5.17
39,5.17
40,5.17
41,5.17
42,5.17
43,5.17
44,5.17
45,5.17
46,5.17
47,5.17
48,5.17
49,5.17
50,5.17
51,5.17
52,5.17
53,5.17
54,5.17
55,5.17
56,5.17
57,5.17
58,5.17
59,5.17
60,5.17
61,5.17
62,5.17
63,5.17
64,5.17
65,5.17
66,5.17
67,5.17
68,5.17
69,5.17
70,5.17
71,5.17
72,5.17
73,5.17
74,5.17
75,5.17
76,5.17
77,5.17
78,5.17
79,5.17
80,5.17
81,5.17
82,5.17
83,5.17
84,5.17
85,5.17
86,5.17
87,5.17
88,5.17
89,5.17
90,5.17
91,5.17
92,5.17
93,5.17
94,5.17
95,5.17
96,5.17
97,5.17
98,5.17
99,5.17
100,5.17
101,5.17
102,5.17
103,5.17
104,5.17
105,5.17
106,5.17
107,5.17
108,5.17
109,5.17
110,5.17
111,5.17
112,5.17
113,5.17
114,5.17
115,5.17
116,5.17
117,5.17
118,5.17
119,5.17
120,5.17
121,5.17
122,5.17
123,5.17
124,5.17
125,5.17
126,5.17
127,5.17
128,5.17
129,5.17
130,5.17
131,5.17
132,5.17
133,5.17
134,5.17
135,5.17
136,5.17
137,5.17
138,5.17
139,5.17
140,5.17
141,5.17
142,5.17
143,5.17
144,5.17
145,5.17
146,5.17
147,5.17
148,5.17
149,5.17
150,5.17
151,5.17
152,5.17
153,5.17
154,5.17
155,5.17
156,5.17
157,5.17
158,5.17
159,5.17
160,5.17
161,5.17
162,5.17
163,5.17
164,5.17
165,5.17
166,5.17
167,5.17
168,5.17
169,5.17
170,5.17
171,5.17
172,5.17
173,5.17
174,5.17
175,5.17
176,5.17
177,5.17
178,5.17
179,5.17
180,5.17
181,5.17
182,5.17
183,5.17
184,5.17
185,5.17
186,5.17
187,5.17
188,5.17
189,5.17
190,5.17
191,5.17
192,5.17
193,5.17
194,5.17
195,5.17
196,5.17
197,5.17
198,5.17
199,5.17
200,5.17
201,5.17
202,5.17
203,5.17
204,5.17
205,5.17
206,5.17
207,5.17
208,5.17
209,5.17
210,5.17
211,5.17
212,5.17
213,5.17
214,5.17
215,5.17
216,5.17
217,5.17
218,5.17
219,5.17
220,5.17
221,5.17
222,5.17
223,5.17
224,5.17
225,5.17
226,5.17
227,5.17
228,5.17
229,5.17
230,5.17
231,5.17
232,5.17
233,5.17
234,5.17
235,5.17
236,5.17
237,5.17
238,5.17
239,5.17
240,5.17
241,5.17
242,5.17
243,5.17
244,5.17
245,5.17
246,5.17
247,5.17
248,5.17
249,5.17
250,5.17
251,5.17
252,5.17
253,5.17
254,5.17
255,5.17
256,5.17
257,5.17
258,5.17
259,5.17
260,5.17
261,5.17
262,5.17
263,5.17
264,5.17
265,5.17
266,5.17
267,5.17
268,5.17
269,5.17
270,5.17
271,5.17
272,5.17
273,5.17
274,5.17
275,5.17
276,5.17
277,5.17
278,5.17
279,5.17
280,5.17
281,5.17
282,5.17
283,5.17
284,5.17
285,5.17
286,5.17
287,5.17
288,5.17
289,5.17
290,5.17
291,5.17
292,5.17
293,5.17
294,5.17
295,5.17
296,5.17
297,5.17
298,5.17
299,5.17
300,5.17
301,5.17
302,5.17
303,5.17
304,5.17
305,5.17
306,5.17
307,5.17
308,5.17
309,5.17
310,5.17
311,5.17
312,5.17
313,5.17
314,5.17
315,5.17
316,5.17
317,5.17
318,5.17
319,5.17
320,5.17
321,5.17
322,5.17
323,5.17
324,5.17
325,5.17
326,5.17
327,5.17
328,5.17
329,5.17
330,5.17
331,5.17
332,5.17
333,5.17
334,5.17
335,5.17
336,5.17
337,5.17
338,5.17
339,5.17
340,5.17
341,5.17
342,5.17
343,5.17
344,5.17
345,5.17
346,5.17
347,5.17
348,5.17
349,5.17
350,5.17
351,5.17
352,5.17
353,5.17
354,5.17
355,5.17
356,5.17
357,5.17
358,5.17
359,5.17
360,5.17
361,5.17
362,5.17
363,5.17
364,5.17
365,5.17
366,5.17
367,5.17
368,5.17
369,5.17
370,5.17
371,5.17
372,5.17
373,5.17
374,5.17
375,5.17
376,5.17
377,5.17
378,5.17
379,5.17
380,5.17
381,5.17
382,5.17
383,5.17
384,5.17
385,5.17
386,5.17
387,5.17
388,5.17
389,5.17
390,5.17
391,5.17
392,5.17
393,5.17
394,5.17
395,5.17
396,5.17
397,5.17
398,5.17
399,5.17
400,5.17
401,5.17
402,5.17
403,5.17
404,5.17
405,5.17
406,5.17
407,5.17
408,5.17
409,5.17
410,5.17
411,5.17
412,5.17
413,5.17
414,5.17
415,5.17
416,5.17
417,5.17
418,5.17
419,5.17
420,5.17
421,5.17
422,5.17
423,5.17
424,5.17
425,5.17
426,5.17
427,5.17
428,5.17
429,5.17
430,5.17
431,5.17
432,5.17
433,5.17
434,5.17
435,5.17
436,5.17
437,5.17
438,5.17
439,5.17
440,5.17
441,5.17
442,5.17
443,5.17
444,5.17
445,5.17
446,5.17
447,5.17
448,5.17
449,5.17
450,5.17
451,5.17
452,5.17
453,5.17
454,5.17
455,5.17
456,5.17
457,5.17
458,5.17
459,5.17
460,5.17
461,5.17
462,5.17
463,5.17
464,5.17
465,5.17
466,5.17
467,5.17
468,5.17
469,5.17
470,5.17
471,5.17
472,5.17
473,5.17
474,5.17
475,5.17
476,5.17
477,5.17
478,5.17
479,5.17
480,5.17
481,5.17
482,5.17
483,5.17
484,5.17
485,5.17
486,5.17
487,5.17
488,5.17
489,5.17
490,5.17
491,5.17
492,5.17
493,5.17
494,5.17
495,5.17
496,5.17
497,5.17
498,5.17
499,5.17
500,5.17
501,5.17
502,5.17
503,5.17
504,5.17
505,5.17
506,5.17
507,5.17
508,5.17
509,5.17
510,5.17
511,5.17
512,5.17
513,5.17
514,5.17
515,5.17
516,5.17
517,5.17
518,5.17
519,5.17
520,5.17
521,5.17
522,5.17
523,5.17
524,5.17
525,5.17
526,5.17
527,5.17
528,5.17
529,5.17
530,5.17
531,5.17
532,5.17
533,5.17
534,5.17
535,5.17
536,5.17
537,5.17
538,5.17
539,5.17
540,5.17
541,5.17
542,5.17
543,5.17
544,5.17
545,5.17
546,5.17
547,5.17
548,5.17
549,5.17
550,5.17
551,5.17
552,5.17
553,5.17
554,5.17
555,5.17
556,5.17
557,5.17
558,5.17
559,5.17
560,5.17
561,5.17
562,5.17
563,5.17
564,5.17
565,5.17
566,5.17
567,5.17
568,5.17
569,5.17
570,5.17
571,5.17
572,5.17
573,5.17
574,5.17
575,5.17
576,5.17
577,5.17
578,5.17
579,5.17
580,5.17
581,5.17
582,5.17
583,5.17
584,5.17
585,5.17
586,5.17
587,5.17
588,5.17
589,5.17
590,5.17
591,5.17
592,5.17
593,5.17
594,5.17
595,5.17
596,5.17
597,5.17
598,5.17
599,5.17
600,5.17
601,5.17
602,5.17
603,5.17
604,5.17
605,5.17
606,5.17
607,5.17
608,5.17
609,5.17
610,5.17
611,5.17
612,5.17
613,5.17
614,5.17
615,5.17
616,5.17
617,5.17
618,5.17
619,5.17
620,5.17
621,5.17
622,5.17
623,5.17
624,5.17
625,5.17
626,5.17
627,5.17
628,5.17
629,5.17
630,5.17
631,5.17
632,5.17
633,5.17
634,5.17
635,5.17
636,5.17
637,5.17
638,5.17
639,5.17
640,5.17
641,5.17
642,5.17
643,5.17
644,5.17
645,5.17
646,5.17
647,5.17
648,5.17
649,5.17
650,5.17
651,5.17
652,5.17
653,5.17
654,5.17
655,5.17
656,5.17
657,5.17
658,5.17
659,5.17
660,5.17
661,5.17
662,5.17
663,5.17
664,5.17
665,5.17
666,5.17
667,5.17
668,5.17
669,5.17
670,5.17
671,5.17
672,5.17
673,5.17
674,5.17
675,5.17
676,5.17
677,5.17
678,5.17
679,5.17
680,5.17
681,5.17
682,5.17
683,5.17
684,5.17
685,5.17
686,5.17
687,5.17
688,5.17
689,5.17
690,5.17
691,5.17
692,5.17
693,5.17
694,5.17
695,5.17
696,5.17
697,5.17
698,5.17
699,5.17
700,5.17
701,5.17
702,5.17
703,5.17
704,5.17
705,5.17
706,5.17
707,5.17
708,5.17
709,5.17
710,5.17
711,5.17
712,5.17
713,5.17
714,5.17
715,5.17
716,5.17
717,5.17
718,5.17
719,5.17
720,5.17
721,5.17
722,5.17
723,5.17
724,5.17
725,5.17
726,5.17
727,5.17
728,5.17
729,5.17
730,5.17
731,5.17
732,5.17
733,5.17
734,5.17
735,5.17
736,5.17
737,5.17
738,5.17
739,5.17
740,5.17
741,5.17
742,5.17
743,5.17
744,5.17
745,5.17
746,5.17
747,5.17
748,5.17
749,5.17
750,5.17
751,5.17
752,5.17
753,5.17
754,5.17
755,5.17
756,5.17
757,5.17
758,5.17
759,5.17
760,5.17
761,5.17
762,5.17
763,5.17
764,5.17
765,5.17
766,5.17
767,5.17
768,5.17
769,5.17
770,5.17
771,5.17
772,5.17
773,5.17
774,5.17
775,5.17
776,5.17
777,5.17
778,5.17
779,5.17
780,5.17
781,5.17
782,5.17
783,5.17
784,5.17
785,5.17
786,5.17
787,5.17
788,5.17
789,5.17
790,5.17
791,5.17
792,5.17
793,5.17
794,5.17
795,5.17
796,5.17
797,5.17
798,5.17
799,5.17
800,5.17
801,5.17
802,5.17
803,5.17
804,5.17
805,5.17
806,5.17
807,5.17
808,5.17
809,5.17
810,5.17
811,5.17
812,5.17
813,5.17
814,5.17
815,5.17
816,5.17
817,5.17
818,5.17
819,5.17
820,5.17
821,5.17
822,5.17
823,5.17
824,5.17
825,5.17
826,5.17
827,5.17
828,5.17
829,5.17
830,5.17
831,5.17
832,5.17
833,5.17
834,5.17
835,5.17
836,5.17
837,5.17
838,5.17
839,5.17
840,5.17
841,5.17
842,5.17
843,5.17
844,5.17
845,5.17
846,5.17
847,5.17
848,5.17
849,5.17
850,5.17
851,5.17
852,5.17
853,5.17
854,5.17
855,5.17
856,5.17
857,5.17
858,5.17
859,5.17
860,5.17
861,5.17
862,5.17
863,5.17
864,5.17
865,5.17
866,5.17
867,5.17
868,5.17
869,5.17
870,5.17
871,5.17
872,5.17
873,5.17
874,5.17
875,5.17
876,5.17
877,5.17
878,5.17
879,5.17
880,5.17
881,5.17
882,5.17
883,5.17
884,5.17
885,5.17
886,5.17
887,5.17
888,5.17
889,5.17
890,5.17
891,5.17
892,5.17
893,5.17
894,5.17
895,5.17
896,5.17
897,5.17
898,5.17
899,5.17
900,5.17
901,5.17
902,5.17
903,5.17
904,5.17
905,5.17
906,5.17
907,5.17
908,5.17
909,5.17
910,5.17
911,5.17
912,5.17
913,5.17
914,5.17
915,5.17
916,5.17
917,5.17
918,5.17
919,5.17
920,5.17
921,5.17
922,5.17
923,5.17
924,5.17
925,5.17
926,5.17
927,5.17
928,5.17
929,5.17
930,5.17
931,5.17
932,5.17
933,5.17
934,5.17
935,5.17
936,5.17
937,5.17
938,5.17
939,5.17
940,5.17
941,5.17
942,5.17
943,5.17
944,5.17
945,5.17
946,5.17
947,5.17
948,5.17
949,5.17
950,5.17
951,5.17
952,5.17
953,5.17
954,5.17
955,5.17
956,5.17
957,5.17
958,5.17
959,5.17
960,5.17
961,5.17
962,5.17
963,5.17
964,5.17
965,5.17
966,5.17
967,5.17
968,5.17
969,5.17
970,5.17
971,5.17
972,5.17
973,5.17
974,5.17
975,5.17
976,5.17
977,5.17
978,5.17
979,5.17
980,5.17
981,5.17
982,5.17
983,5.17
984,5.17
985,5.17
986,5.17
987,5.17
988,5.17
989,5.17
990,5.17
991,5.17
992,5.17
993,5.17
994,5.17
995,5.17
996,5.17
997,5.17
998,5.17
999,5.17
1000,5.17
1001,5.17
1002,5.17
1003,5.17
1004,5.17
1005,5.17
1006,5.17
1007,5.17
1008,5.17
1009,5.17
1010,5.17
1011,5.17
1012,5.17
1013,5.17
1014,5.17
1015,5.17
1016,5.17
1017,5.17
1018,5.17
1019,5.17
1020,5.17
1021,5.17
1022,5.17
1023,5.17
1024,5.17
1025,5.17
1026,5.17
1027,5.17
1028,5.17
1029,5.17
1030,5.17
1031,5.17
1032,5.17
1033,5.17
1034,5.17
1035,5.17
1036,5.17
1037,5.17
1038,5.17
1039,5.17
1040,5.17
1041,5.17
1042,5.17
1043,5.17
1044,5.17
1045,5.17
1046,5.17
1047,5.17
1048,5.17
1049,5.17
1050,5.17
1051,5.17
1052,5.17
1053,5.17
1054,5.17
1055,5.17
1056,5.17
1057,5.17
1058,5.17
1059,5.17
1060,5.17
1061,5.17
1062,5.17
1063,5.17
1064,5.17
1065,5.17
1066,5.17
1067,5.17
1068,5.17
1069,5.17
1070,5.17
1071,5.17
1072,5.17
1073,5.17
1074,5.17
1075,5.17
1076,5.17
1077,5.17
1078,5.17
1079,5.17
1080,5.17
1081,5.17
1082,5.17
1083,5.17
1084,5.17
1085,5.17
1086,5.17
1087,5.17
1088,5.17
1089,5.17
1090,5.17
1091,5.17
1092,5.17
1093,5.17
1094,5.17
1095,5.17
1096,5.17
1097,5.17
1098,5.17
1099,5.17
1100,5.17
1101,5.17
1102,5.17
1103,5.17
1104,5.17
1105,5.17
1106,5.17
1107,5.17
1108,5.17
1109,5.17
1110,5.17
1111,5.17
1112,5.17
1113,5.17
1114,5.17
1115,5.17
1116,5.17
1117,5.17
1118,5.17
1119,5.17
1120,5.17
1121,5.17
1122,5.17
1123,5.17
1124,5.17
1125,5.17
1126,5.17
1127,5.17
1128,5.17
1129,5.17
1130,5.17
1131,5.17
1132,5.17
1133,5.17
1134,5.17
1135,5.17
1136,5.17
1137,5.17
1138,5.17
1139,5.17
1140,5.17
1141,5.17
1142,5.17
1143,5.17
1144,5.17
1145,5.17
1146,5.17
1147,5.17
1148,5.17
1149,5.17
1150,5.17
1151,5.17
1152,5.17
1153,5.17
1154,5.17
1155,5.17
1156,5.17
1157,5.17
1158,5.17
1159,5.17
1160,5.17
1161,5.17
1162,5.17
1163,5.17
1164,5.17
1165,5.17
1166,5.17
1167,5.17
1168,5.17
1169,5.17
1170,5.17
1171,5.17
1172,5.17
1173,5.17
1174,5.17
1175,5.17
1176,5.17
1177,5.17
1178,5.17
1179,5.17
1180,5.17
1181,5.17
1182,5.17
1183,5.17
1184,5.17
1185,5.17
1186,5.17
1187,5.17
1188,5.17
1189,5.17
1190,5.17
1191,5.17
1192,5.17
1193,5.17
1194,5.17
1195,5.17
1196,5.17
1197,5.17
1198,5.17
1199,5.17
1200,5.17
1201,5.17
1202,5.17
1203,5.17
1204,5.17
1205,5.17
1206,5.17
1207,5.17
1208,5.17
1209,5.17
1210,5.17
1211,5.17
1212,5.17
1213,5.17
1214,5.17
1215,5.17
1216,5.17
1217,5.17
1218,5.17
1219,5.17
1220,5.17
1221,5.17
1222,5.17
1223,5.17
1224,5.17
1225,5.17
1226,5.17
1227,5.17
1228,5.17
1229,5.17
1230,5.17
1231,5.17
1232,5.17
1233,5.17
1234,5.17
1235,5.17
1236,5.17
1237,5.17
1238,5.17
1239,5.17
1240,5.17
1241,5.17
1242,5.17
1243,5.17
1244,5.17
1245,5.17
1246,5.17
1247,5.17
1248,5.17
1249,5.17
1250,5.17
1251,5.17
1252,5.17
1253,5.17
1254,5.17
1255,5.17
1256,5.17
1257,5.17
1258,5.17
1259,5.17
1260,5.17
1261,5.17
1262,5.17
1263,5.17
1264,5.17
1265,5.17
1266,5.17
1267,5.17
1268,5.17
1269,5.17
1270,5.17
1271,5.17
1272,5.17
1273,5.17
1274,5.17
1275,5.17
1276,5.17
1277,5.17
1278,5.17
1279,5.17
1280,5.17
1281,5.17
1282,5.17
1283,5.17
1284,5.17
1285,5.17
1286,5.17
1287,5.17
1288,5.17
1289,5.17
1290,5.17
1291,5.17
1292,5.17
1293,5.17
1294,5.17
1295,5.17
1296,5.17
1297,5.17
1298,5.17
1299,5.17
1300,5.17
1301,5.17
1302,5.17
1303,5.17
1304,5.17
1305,5.17
1306,5.17
1307,5.17
1308,5.17
1309,5.17
1310,5.17
1311,5.17
1312,5.17
1313,5.17
1314,5.17
1315,5.17
1316,5.17
1317,5.17
1318,5.17
1319,5.17
1320,5.17
1321,5.17
1322,5.17
1323,5.17
1324,5.17
1325,5.17
1326,5.17
1327,5.17
1328,5.17
1329,5.17
1330,5.17
1331,5.17
1332,5.17
1333,5.17
1334,5.17
1335,5.17
1336,5.17
1337,5.17
1338,5.17
1339,5.17
1340,5.17
1341,5.17
1342,5.17
1343,5.17
1344,5.17
1345,5.17
1346,5.17
1347,5.17
1348,5.17
1349,5.17
1350,5.17
1351,5.17
1352,5.17
1353,5.17
1354,5.17
1355,5.17
1356,5.17
1357,5.17
1358,5.17
1359,5.17
1360,5.17
1361,5.17
1362,5.17
1363,5.17
1364,5.17
1365,5.17
1366,5.17
1367,5.17
1368,5.17
1369,5.17
1370,5.17
1371,5.17
1372,5.17
1373,5.17
1374,5.17
1375,5.17
1376,5.17
1377,5.17
1378,5.17
1379,5.17
1380,5.17
1381,5.17
1382,5.17
1383,5.17
1384,5.17
1385,5.17
1386,5.17
1387,5.17
1388,5.17
1389,5.17
1390,5.17
1391,5.17
1392,5.17
1393,5.17
1394,5.17
1395,5.17
1396,5.17
1397,5.17
1398,5.17
1399,5.17
1400,5.17
1401,5.17
1402,5.17
1403,5.17
1404,5.17
1405,5.17
1406,5.17
1407,5.17
1408,5.17
1409,5.17
1410,5.17
1411,5.17
1412,5.17
1413,5.17
1414,5.17
1415,5.17
1416,5.17
1417,5.17
1418,5.17
1419,5.17
1420,5.17
1421,5.17
1422,5.17
1423,5.17
1424,5.17
1425,5.17
1426,5.17
1427,5.17
1428,5.17
1429,5.17
1430,5.17
1431,5.17
1432,5.17
1433,5.17
1434,5.17
1435,5.17
1436,5.17
1437,5.17
1438,5.17
1439,5.17
1440,5.17
1441,5.17
1442,5.17
1443,5.17
1444,5.17
1445,5.17
1446,5.17
1447,5.17
1448,5.17
1449,5.17
1450,5.17
1451,5.17
1452,5.17
1453,5.17
1454,5.17
1455,5.17
1456,5.17
1457,5.17
1458,5.17
1459,5.17
1460,5.17
1461,5.17
1462,5.17
1463,5.17
1464,5.17
1465,5.17
1466,5.17
1467,5.17
1468,5.17
1469,5.17
1470,5.17
1471,5.17
1472,5.17
1473,5.17
1474,5.17
1475,5.17
1476,5.17
1477,5.17
1478,5.17
1479,5.17
1480,5.17
1481,5.17
1482,5.17
1483,5.17
1484,5.17
1485,5.17
1486,5.17
1487,5.17
1488,5.17
1489,5.17
1490,5.17
1491,5.17
1492,5.17
1493,5.17
1494,5.17
1495,5.17
1496,5.17
1497,5.17
1498,5.17
1499,5.17
1500,5.17
1501,5.17
1502,5.17
1503,5.17
1504,5.17
1505,5.17
1506,5.17
1507,5.17
1508,5.17
1509,5.17
1510,5.17
1511,5.17
1512,5.17
1513,5.17
1514,5.17
1515,5.17
1516,5.17
1517,5.17
1518,5.17
1519,5.17
1520,5.17
1521,5.17
1522,5.17
1523,5.17
1524,5.17
1525,5.17
1526,5.17
1527,5.17
1528,5.17
1529,5.17
1530,5.17
1531,5.17
1532,5.17
1533,5.17
1534,5.17
1535,5.17
1536,5.17
1537,5.17
1538,5.17
1539,5.17
1540,5.17
1541,5.17
1542,5.17
1543,5.17
1544,5.17
1545,5.17
1546,5.17
1547,5.17
1548,5.17
1549,5.17
1550,5.17
1551,5.17
1552,5.17
1553,5.17
1554,5.17
1555,5.17
1556,5.17
1557,5.17
1558,5.17
1559,5.17
1560,5.17
1561,5.17
1562,5.17
1563,5.17
1564,5.17
1565,5.17
1566,5.17
1567,5.17
1568,5.17
1569,5.17
1570,5.17
1571,5.17
1572,5.17
1573,5.17
1574,5.17
1575,5.17
1576,5.17
1577,5.17
1578,5.17
1579,5.17
1580,5.17
1581,5.17
1582,5.17
1583,5.17
1584,5.17
1585,5.17
1586,5.17
1587,5.17
1588,5.17
1589,5.17
1590,5.17
1591,5.17
1592,5.17
1593,5.17
1594,5.17
1595,5.17
1596,5.17
1597,5.17
1598,5.17
1599,5.17
1600,5.17
1601,5.17
1602,5.17
1603,5.17
1604,5.17
1605,5.17
1606,5.17
1607,5.17
1608,5.17
1609,5.17
1610,5.17
1611,5.17
1612,5.17
1613,5.17
1614,5.17
1615,5.17
1616,5.17
1617,5.17
1618,5.17
1619,5.17
1620,5.17
1621,5.17
1622,5.17
1623,5.17
1624,5.17
1625,5.17
1626,5.17
1627,5.17
1628,5.17
1629,5.17
1630,5.17
1631,5.17
1632,5.17
1633,5.17
1634,5.17
1635,5.17
1636,5.17
1637,5.17
1638,5.17
1639,5.17
1640,5.17
1641,5.17
1642,5.17
1643,5.17
1644,5.17
1645,5.17
1646,5.17
1647,5.17
1648,5.17
1649,5.17
1650,5.17
1651,5.17
1652,5.17
1653,5.17
1654,5.17
1655,5.17
1656,5.17
1657,5.17
1658,5.17
1659,5.17
1660,5.17
1661,5.17
1662,5.17
1663,5.17
1664,5.17
1665,5.17
1666,5.17
1667,5.17
1668,5.17
1669,5.17
1670,5.17
1671,5.17
1672,5.17
1673,5.17
1674,5.17
1675,5.17
1676,5.17
1677,5.17
1678,5.17
1679,5.17
1680,5.17
1681,5.17
1682,5.17
1683,5.17
1684,5.17
1685,5.17
1686,5.17
1687,5.17
1688,5.17
1689,5.17
1690,5.17
1691,5.17
1692,5.17
1693,5.17
1694,5.17
1695,5.17
1696,5.17
1697,5.17
1698,5.17
1699,5.17
1700,5.17
1701,5.17
1702,5.17
1703,5.17
1704,5.17
1705,5.17
1706,5.17
1707,5.17
1708,5.17
1709,5.17
1710,5.17
1711,5.17
1712,5.17
1713,5.17
1714,5.17
1715,5.17
1716,5.17
1717,5.17
1718,5.17
1719,5.17
1720,5.17
1721,5.17
1722,5.17
1723,5.17
1724,5.17
1725,5.17
1726,5.17
1727,5.17
1728,5.17
1729,5.17
1730,5.17
1731,5.17
1732,5.17
1733,5.17
1734,5.17
1735,5.17
1736,5.17
1737,5.17
1738,5.17
1739,5.17
1740,5.17
1741,5.17
1742,5.17
1743,5.17
1744,5.17
1745,5.17
1746,5.17
1747,5.17
1748,5.17
1749,5.17
1750,5.17
1751,5.17
1752,5.17
1753,5.17
1754,5.17
1755,5.17
1756,5.17
1757,5.17
1758,5.17
1759,5.17
1760,5.17
1761,5.17
1762,5.17
1763,5.17
1764,5.17
1765,5.17
1766,5.17
1767,5.17
1768,5.17
1769,5.17
1770,5.17
1771,5.17
1772,5.17
1773,5.17
1774,5.17
1775,5.17
1776,5.17
1777,5.17
1778,5.17
1779,5.17
1780,5.17
1781,5.17
1782,5.17
1783,5.17
1784,5.17
1785,5.17
1786,5.17
1787,5.17
1788,5.17
1789,5.17
1790,5.17
1791,5.17
1792,5.17
1793,5.17
1794,5.17
1795,5.17
1796,5.17
1797,5.17
1798,5.17
1799,5.17
1800,5.17
1801,5.17
1802,5.17
1803,5.17
1804,5.17
1805,5.17
1806,5.17
1807,5.17
1808,5.17
1809,5.17
1810,5.17
1811,5.17
1812,5.17
1813,5.17
1814,5.17
1815,5.17
1816,5.17
1817,5.17
1818,5.17
1819,5.17
1820,5.17
1821,5.17
1822,5.17
1823,5.17
1824,5.17
1825,5.17
1826,5.17
1827,5.17
1828,5.17
1829,5.17
1830,5.17
1831,5.17
1832,5.17
1833,5.17
1834,5.17
1835,5.17
1836,5.17
1837,5.17
1838,5.17
1839,5.17
1840,5.17
1841,5.17
1842,5.17
1843,5.17
1844,5.17
1845,5.17
1846,5.17
1847,5.17
1848,5.17
1849,5.17
1850,5.17
1851,5.17
1852,5.17
1853,5.17
1854,5.17
1855,5.17
1856,5.17
1857,5.17
1858,5.17
1859,5.17
1860,5.17
1861,5.17
1862,5.17
1863,5.17
1864,5.17
1865,5.17
1866,5.17
1867,5.17
1868,5.17
1869,5.17
1870,5.17
1871,5.17
1872,5.17
1873,5.17
1874,5.17
1875,5.17
1876,5.17
1877,5.17
1878,5.17
1879,5.17
1880,5.17
1881,5.17
1882,5.17
1883,5.17
1884,5.17
1885,5.17
1886,5.17
1887,5.17
1888,5.17
1889,5.17
1890,5.17
1891,5.17
1892,5.17
1893,5.17
1894,5.17
1895,5.17
1896,5.17
1897,5.17
1898,5.17
1899,5.17
1900,5.17
1901,5.17
1902,5.17
1903,5.17
1904,5.17
1905,5.17
1906,5.17
1907,5.17
1908,5.17
1909,5.17
1910,5.17
1911,5.17
1912,5.17
1913,5.17
1914,5.17
1915,5.17
1916,5.17
1917,5.17
1918,5.17
1919,5.17
1920,5.17
1921,5.17
1922,5.17
1923,5.17
1924,5.17
1925,5.17
1926,5.17
1927,5.17
1928,5.17
1929,5.17
1930,5.17
1931,5.17
1932,5.17
1933,5.17
1934,5.17
1935,5.17
1936,5.17
1937,5.17
1938,5.17
1939,5.17
1940,5.17
1941,5.17
1942,5.17
1943,5.17
1944,5.17
1945,5.17
1946,5.17
1947,5.17
1948,5.17
1949,5.17
1950,5.17
1951,5.17
1952,5.17
1953,5.17
1954,5.17
1955,5.17
1956,5.17
1957,5.17
1958,5.17
1959,5.17
1960,5.17
1961,5.17
1962,5.17
1963,5.17
1964,5.17
1965,5.17
1966,5.17
1967,5.17
1968,5.17
1969,5.17
1970,5.17
1971,5.17
1972,5.17
1973,5.17
1974,5.17
1975,5.17
1976,5.17
1977,5.17
1978,5.17
1979,5.17
1980,5.17
1981,5.17
1982,5.17
1983,5.17
1984,5.17
1985,5.17
1986,5.17
1987,5.17
1988,5.17
1989,5.17
1990,5.17
1991,5.17
1992,5.17
1993,5.17
1994,5.17
1995,5.17
1996,5.17
1997,5.17
1998,5.17
1999,5.17
2000,5.17
2001,5.17
2002,5.17
2003,5.17
2004,5.17
2005,5.17
2006,5.17
2007,5.17
2008,5.17
2009,5.17
2010,5.17
2011,5.17
2012,5.17
2013,5.17
2014,5.17
2015,5.17
2016,5.17
2017,5.17
2018,5.17
2019,5.17
2020,5.17
2021,5.17
2022,5.17
2023,5.17
2024,5.17
2025,5.17
2026,5.17
2027,5.17
2028,5.17
2029,5.17
2030,5.17
2031,5.17
2032,5.17
2033,5.17
2034,5.17
2035,5.17
2036,5.17
2037,5.17
2038,5.17
2039,5.17
2040,5.17
2041,5.17
2042,5.17
2043,5.17
2044,5.17
2045,5.17
2046,5.17
2047,5.17
2048,5.17
2049,5.17
2050,5.17
2051,5.17
2052,5.17
2053,5.17
2054,5.17
2055,5.17
2056,5.17
2057,5.17
2058,5.17
2059,5.17
2060,5.17
2061,5.17
2062,5.17
2063,5.17
2064,5.17
2065,5.17
2066,5.17
2067,5.17
2068,5.17
2069,5.17
2070,5.17
2071,5.17
2072,5.17
2073,5.17
2074,5.17
2075,5.17
2076,5.17
2077,5.17
2078,5.17
2079,5.17
2080,5.17
2081,5.17
2082,5.17
2083,5.17
2084,5.17
2085,5.17
2086,5.17
2087,5.17
2088,5.17
2089,5.17
2090,5.17
2091,5.17
2092,5.17
2093,5.17
2094,5.17
2095,5.17
2096,5.17
2097,5.17
2098,5.17
2099,5.17
2100,5.17
2101,5.17
2102,5.17
2103,5.17
2104,5.17
2105,5.17
2106,5.17
2107,5.17
2108,5.17
2109,5.17
2110,5.17
2111,5.17
2112,5.17
2113,5.17
2114,5.17
2115,5.17
2116,5.17
2117,5.17
2118,5.17
2119,5.17
2120,5.17
2121,5.17
2122,5.17
2123,5.17
2124,5.17
2125,5.17
2126,5.17
2127,5.17
2128,5.17
2129,5.17
2130,5.17
2131,5.17
2132,5.17
2133,5.17
2134,5.17
2135,5.17
2136,5.17
2137,5.17
2138,5.17
2139,5.17
2140,5.17
2141,5.17
2142,5.17
2143,5.17
2144,5.17
2145,5.17
2146,5.17
2147,5.17
2148,5.17
2149,5.17
2150,5.17
2151,5.17
2152,5.17
2153,5.17
2154,5.17
2155,5.17
2156,5.17
2157,5.17
2158,5.17
2159,5.17
2160,5.17
2161,5.17
2162,5.17
2163,5.17
2164,5.17
2165,5.17
2166,5.17
2167,5.17
2168,5.17
2169,5.17
2170,5.17
2171,5.17
2172,5.17
2173,5.17
2174,5.17
2175,5.17
2176,5.17
2177,5.17
2178,5.17
2179,5.17
2180,5.17
2181,5.17
2182,5.17
2183,5.17
2184,5.17
2185,5.17
2186,5.17
2187,5.17
2188,5.17
2189,5.17
2190,5.17
2191,5.17
2192,5.17
2193,5.17
2194,5.17
2195,5.17
2196,5.17
2197,5.17
2198,5.17
2199,5.17
2200,5.17
2201,5.17
2202,5.17
2203,5.17
2204,5.17
2205,5.17
2206,5.17
2207,5.17
2208,5.17
2209,5.17
2210,5.17
2211,5.17
2212,5.17
2213,5.17
2214,5.17
2215,5.17
2216,5.17
2217,5.17
2218,5.17
2219,5.17
2220,5.17
2221,5.17
2222,5.17
2223,5.17
2224,5.17
2225,5.17
2226,5.17
2227,5.17
2228,5.17
2229,5.17
2230,5.17
2231,5.17
2232,5.17
2233,5.17
2234,5.17
2235,5.17
2236,5.17
2237,5.17
2238,5.17
2239,5.17
2240,5.17
2241,5.17
2242,5.17
2243,5.17
2244,5.17
2245,5.17
2246,5.17
2247,5.17
2248,5.17
2249,5.17
2250,5.17
2251,5.17
2252,5.17
2253,5.17
2254,5.17
2255,5.17
2256,5.17
2257,5.17
2258,5.17
2259,5.17
2260,5.17
2261,5.17
2262,5.17
2263,5.17
2264,5.17
2265,5.17
2266,5.17
2267,5.17
2268,5.17
2269,5.17
2270,5.17
2271,5.17
2272,5.17
2273,5.17
2274,5.17
2275,5.17
2276,5.17
2277,5.17
2278,5.17
2279,5.17
2280,5.17
2281,5.17
2282,5.17
2283,5.17
2284,5.17
2285,5.17
2286,5.17
2287,5.17
2288,5.17
2289,5.17
2290,5.17
2291,5.17
2292,5.17
2293,5.17
2294,5.17
2295,5.17
2296,5.17
2297,5.17
2298,5.17
2299,5.17
2300,5.17
2301,5.17
2302,5.17
2303,5.17
2304,5.17
2305,5.17
2306,5.17
2307,5.17
2308,5.17
2309,5.17
2310,5.17
2311,5.17
2312,5.17
2313,5.17
2314,5.17
2315,5.17
2316,5.17
2317,5.17
2318,5.17
2319,5.17
2320,5.17
2321,5.17
2322,5.17
2323,5.17
2324,5.17
2325,5.17
2326,5.17
2327,5.17
2328,5.17
2329,5.17
2330,5.17
2331,5.17
2332,5.17
2333,5.17
2334,5.17
2335,5.17
2336,5.17
2337,5.17
2338,5.17
2339,5.17
2340,5.17
2341,5.17
2342,5.17
2343,5.17
2344,5.17
2345,5.17
2346,5.17
2347,5.17
2348,5.17
2349,5.17
2350,5.17
2351,5.17
2352,5.17
2353,5.17
2354,5.17
2355,5.17
2356,5.17
2357,5.17
2358,5.17
2359,5.17
2360,5.17
2361,5.17
2362,5.17
2363,5.17
2364,5.17
2365,5.17
2366,5.17
2367,5.17
2368,5.17
2369,5.17
2370,5.17
2371,5.17
2372,5.17
2373,5.17
2374,5.17
2375,5.17
2376,5.17
2377,5.17
2378,5.17
2379,5.17
2380,5.17
2381,5.17
2382,5.17
2383,5.17
2384,5.17
2385,5.17
2386,5.17
2387,5.17
2388,5.17
2389,5.17
2390,5.17
2391,5.17
2392,5.17
2393,5.17
2394,5.17
2395,5.17
2396,5.17
2397,5.17
2398,5.17
2399,5.17
2400,5.17
2401,5.17
2402,5.17
2403,5.17
2404,5.17
2405,5.17
2406,5.17
2407,5.17
2408,5.17
2409,5.17
2410,5.17
2411,5.17
2412,5.17
2413,5.17
2414,5.17
2415,5.17
2416,5.17
2417,5.17
2418,5.17
2419,5.17
2420,5.17
2421,5.17
2422,5.17
2423,5.17
2424,5.17
2425,5.17
2426,5.17
2427,5.17
2428,5.17
2429,5.17
2430,5.17
2431,5.17
2432,5.17
2433,5.17
2434,5.17
2435,5.17
2436,5.17
2437,5.17
2438,5.17
2439,5.17
2440,5.17
2441,5.17
2442,5.17
2443,5.17
2444,5.17
2445,5.17
2446,5.17
2447,5.17
2448,5.17
2449,5.17
2450,5.17
2451,5.17
2452,5.17
2453,5.17
2454,5.17
2455,5.17
2456,5.17
2457,5.17
2458,5.17
2459,5.17
2460,5.17
2461,5.17
2462,5.17
2463,5.17
2464,5.17
2465,5.17
2466,5.17
2467,5.17
2468,5.17
2469,5.17
2470,5.17
2471,5.17
2472,5.17
2473,5.17
2474,5.17
2475,5.17
2476,5.17
2477,5.17
2478,5.17
2479,5.17
2480,5.17
2481,5.17
2482,5.17
2483,5.17
2484,5.17
2485,5.17
2486,5.17
2487,5.17
2488,5.17
2489,5.17
2490,5.17
2491,5.17
2492,5.17
2493,5.17
2494,5.17
2495,5.17
2496,5.17
2497,5.17
2498,5.17
2499,5.17
2500,5.17
2501,5.17
2502,5.17
2503,5.17
2504,5.17
2505,5.17
2506,5.17
2507,5.17
2508,5.17
2509,5.17
2510,5.17
2511,5.17
2512,5.17
2513,5.17
2514,5.17
2515,5.17
2516,5.17
2517,5.17
2518,5.17
2519,5.17
2520,5.17
2521,5.17
2522,5.17
2523,5.17
2524,5.17
2525,5.17
2526,5.17
2527,5.17
2528,5.17
2529,5.17
2530,5.17
2531,5.17
2532,5.17
2533,5.17
2534,5.17
2535,5.17
2536,5.17
2537,5.17
2538,5.17
2539,5.17
2540,5.17
2541,5.17
2542,5.17
2543,5.17
2544,5.17
2545,5.17
2546,5.17
2547,5.17
2548,5.17
2549,5.17
2550,5.17
2551,5.17
2552,5.17
2553,5.17
2554,5.17
2555,5.17
2556,5.17
2557,5.17
2558,5.17
2559,5.17
2560,5.17
2561,5.17
2562,5.17
2563,5.17
2564,5.17
2565,5.17
2566,5.17
2567,5.17
2568,5.17
2569,5.17
2570,5.17
2571,5.17
2572,5.17
2573,5.17
2574,5.17
2575,5.17
2576,5.17
2577,5.17
2578,5.17
2579,5.17
2580,5.17
2581,5.17
2582,5.17
2583,5.17
2584,5.17
2585,5.17
2586,5.17
2587,5.17
2588,5.17
2589,5.17
2590,5.17
2591,5.17
2592,5.17
2593,5.17
2594,5.17
2595,5.17
2596,5.17
2597,5.17
2598,5.17
2599,5.17
2600,5.17
2601,5.17
2602,5.17
2603,5.17
2604,5.17
2605,5.17
2606,5.17
2607,5.17
2608,5.17
2609,5.17
2610,5.17
2611,5.17
2612,5.17
2613,5.17
2614,5.17
2615,5.17
2616,5.17
2617,5.17
2618,5.17
2619,5.17
2620,5.17
2621,5.17
2622,5.17
2623,5.17
2624,5.17
2625,5.17
2626,5.17
2627,5.17
2628,5.17
2629,5.17
2630,5.17
2631,5.17
2632,5.17
2633,5.17
2634,5.17
2635,5.17
2636,5.17
2637,5.17
2638,5.17
2639,5.17
2640,5.17
2641,5.17
2642,5.17
2643,5.17
2644,5.17
2645,5.17
2646,5.17
2647,5.17
2648,5.17
2649,5.17
2650,5.17
2651,5.17
2652,5.17
2653,5.17
2654,5.17
2655,5.17
2656,5.17
2657,5.17
2658,5.17
2659,5.17
2660,5.17
2661,5.17
2662,5.17
2663,5.17
2664,5.17
2665,5.17
2666,5.17
2667,5.17
2668,5.17
2669,5.17
2670,5.17
2671,5.17
2672,5.17
2673,5.17
2674,5.17
2675,5.17
2676,5.17
2677,5.17
2678,5.17
2679,5.17
2680,5.17
2681,5.17
2682,5.17
2683,5.17
2684,5.17
2685,5.17
2686,5.17
2687,5.17
2688,5.17
2689,5.17
2690,5.17
2691,5.17
2692,5.17
2693,5.17
2694,5.17
2695,5.17
2696,5.17
2697,5.17
2698,5.17
2699,5.17
2700,5.17
2701,5.17
2702,5.17
2703,5.17
2704,5.17
2705,5.17
2706,5.17
2707,5.17
2708,5.17
2709,5.17
2710,5.17
2711,5.17
2712,5.17
2713,5.17
2714,5.17
2715,5.17
2716,5.17
2717,5.17
2718,5.17
2719,5.17
2720,5.17
2721,5.17
2722,5.17
2723,5.17
2724,5.17
2725,5.17
2726,5.17
2727,5.17
2728,5.17
2729,5.17
2730,5.17
2731,5.17
2732,5.17
2733,5.17
2734,5.17
2735,5.17
2736,5.17
2737,5.17
2738,5.17
2739,5.17
2740,5.17
2741,5.17
2742,5.17
2743,5.17
2744,5.17
2745,5.17
2746,5.17
2747,5.17
2748,5.17
2749,5.17
2750,5.17
2751,5.17
2752,5.17
2753,5.17
2754,5.17
2755,5.17
2756,5.17
2757,5.17
2758,5.17
2759,5.17
2760,5.17
2761,5.17
2762,5.17
2763,5.17
2764,5.17
2765,5.17
2766,5.17
2767,5.17
2768,5.17
2769,5.17
2770,5.17
2771,5.17
2772,5.17
2773,5.17
2774,5.17
2775,5.17
2776,5.17
2777,5.17
2778,5.17
2779,5.17
2780,5.17
2781,5.17
2782,5.17
2783,5.17
2784,5.17
2785,5.17
2786,5.17
2787,5.17
2788,5.17
2789,5.17
2790,5.17
2791,5.17
2792,5.17
2793,5.17
2794,5.17
2795,5.17
2796,5.17
2797,5.17
2798,5.17
2799,5.17
2800,5.17
2801,5.17
2802,5.17
2803,5.17
2804,5.17
2805,5.17
2806,5.17
2807,5.17
2808,5.17
2809,5.17
2810,5.17
2811,5.17
2812,5.17
2813,5.17
2814,5.17
2815,5.17
2816,5.17
2817,5.17
2818,5.17
2819,5.17
2820,5.17
2821,5.17
2822,5.17
2823,5.17
2824,5.17
2825,5.17
2826,5.17
2827,5.17
2828,5.17
2829,5.17
2830,5.17
2831,5.17
2832,5.17
2833,5.17
2834,5.17
2835,5.17
2836,5.17
2837,5.17
2838,5.17
2839,5.17
2840,5.17
2841,5.17
2842,5.17
2843,5.17
2844,5.17
2845,5.17
2846,5.17
2847,5.17
2848,5.17
2849,5.17
2850,5.17
2851,5.17
2852,5.17
2853,5.17
2854,5.17
2855,5.17
2856,5.17
2857,5.17
2858,5.17
2859,5.17
2860,5.17
2861,5.17
2862,5.17
2863,5.17
2864,5.17
2865,5.17
2866,5.17
2867,5.17
2868,5.17
2869,5.17
2870,5.17
2871,5.17
2872,5.17
2873,5.17
2874,5.17
2875,5.17
2876,5.17
2877,5.17
2878,5.17
2879,5.17
2880,5.17
2881,5.17
2882,5.17
2883,5.17
2884,5.17
2885,5.17
2886,5.17
2887,5.17
2888,5.17
2889,5.17
2890,5.17
2891,5.17
2892,5.17
2893,5.17
2894,5.17
2895,5.17
2896,5.17
2897,5.17
2898,5.17
2899,5.17
2900,5.17
2901,5.17
2902,5.17
2903,5.17
2904,5.17
2905,5.17
2906,5.17
2907,5.17
2908,5.17
2909,5.17
2910,5.17
2911,5.17
2912,5.17
2913,5.17
2914,5.17
2915,5.17
2916,5.17
2917,5.17
2918,5.17
2919,5.17
2920,5.17
2921,5.17
2922,5.17
2923,5.17
2924,5.17
2925,5.17
2926,5.17
2927,5.17
2928,5.17
2929,5.17
2930,5.17
2931,5.17
2932,5.17
2933,5.17
2934,5.17
2935,5.17
2936,5.17
2937,5.17
2938,5.17
2939,5.17
2940,5.17
2941,5.17
2942,5.17
2943,5.17
2944,5.17
2945,5.17
2946,5.17
2947,5.17
2948,5.17
2949,5.17
2950,5.17
2951,5.17
2952,5.17
2953,5.17
2954,5.17
2955,5.17
2956,5.17
2957,5.17
2958,5.17
2959,5.17
2960,5.17
2961,5.17
2962,5.17
2963,5.17
2964,5.17
2965,5.17
2966,5.17
2967,5.17
2968,5.17
2969,5.17
2970,5.17
2971,5.17
2972,5.17
2973,5.17
2974,5.17
2975,5.17
2976,5.17
2977,5.17
2978,5.17
2979,5.17
2980,5.17
2981,5.17
2982,5.17
2983,5.17
2984,5.17
2985,5.17
2986,5.17
2987,5.17
2988,5.17
2989,5.17
2990,5.17
2991,5.17
2992,5.17
2993,5.17
2994,5.17
2995,5.17
2996,5.17
2997,5.17
2998,5.17
2999,5.17
3000,5.17
3001,5.17
3002,5.17
3003,5.17
3004,5.17
3005,5.17
3006,5.17
3007,5.17
3008,5.17
3009,5.17
3010,5.17
3011,5.17
3012,5.17
3013,5.17
3014,5.17
3015,5.17
3016,5.17
3017,5.17
3018,5.17
3019,5.17
3020,5.17
3021,5.17
3022,5.17
3023,5.17
3024,5.17
3025,5.17
3026,5.17
3027,5.17
3028,5.17
3029,5.17
3030,5.17
3031,5.17
3032,5.17
3033,5.17
3034,5.17
3035,5.17
3036,5.17
3037,5.17
3038,5.17
3039,5.17
3040,5.17
3041,5.17
3042,5.17
3043,5.17
3044,5.17
3045,5.17
3046,5.17
3047,5.17
3048,5.17
3049,5.17
3050,5.17
3051,5.17
3052,5.17
3053,5.17
3054,5.17
3055,5.17
3056,5.17
3057,5.17
3058,5.17
3059,5.17
3060,5.17
3061,5.17
3062,5.17
3063,5.17
3064,5.17
3065,5.17
3066,5.17
3067,5.17
3068,5.17
3069,5.17
3070,5.17
3071,5.17
3072,5.17
3073,5.17
3074,5.17
3075,5.17
3076,5.17
3077,5.17
3078,5.17
3079,5.17
3080,5.17
3081,5.17
3082,5.17
3083,5.17
3084,5.17
3085,5.17
3086,5.17
3087,5.17
3088,5.17
3089,5.17
3090,5.17
3091,5.17
3092,5.17
3093,5.17
3094,5.17
3095,5.17
3096,5.17
3097,5.17
3098,5.17
3099,5.17
3100,5.17
3101,5.17
3102,5.17
3103,5.17
3104,5.17
3105,5.17
3106,5.17
3107,5.17
3108,5.17
3109,5.17
3110,5.17
3111,5.17
3112,5.17
3113,5.17
3114,5.17
3115,5.17
3116,5.17
3117,5.17
3118,5.17
3119,5.17
3120,5.17
3121,5.17
3122,5.17
3123,5.17
3124,5.17
3125,5.17
3126,5.17
3127,5.17
3128,5.17
3129,5.17
3130,5.17
3131,5.17
3132,5.17
3133,5.17
3134,5.17
3135,5.17
3136,5.17
3137,5.17
3138,5.17
3139,5.17
3140,5.17
3141,5.17
3142,5.17
3143,5.17
3144,5.17
3145,5.17
3146,5.17
3147,5.17
3148,5.17
3149,5.17
3150,5.17
3151,5.17
3152,5.17
3153,5.17
3154,5.17
3155,5.17
3156,5.17
3157,5.17
3158,5.17
3159,5.17
3160,5.17
3161,5.17
3162,5.17
3163,5.17
3164,5.17
3165,5.17
3166,5.17
3167,5.17
3168,5.17
3169,5.17
3170,5.17
3171,5.17
3172,5.17
3173,5.17
3174,5.17
3175,5.17
3176,5.17
3177,5.17
3178,5.17
3179,5.17
3180,5.17
3181,5.17
3182,5.17
3183,5.17
3184,5.17
3185,5.17
3186,5.17
3187,5.17
3188,5.17
3189,5.17
3190,5.17
3191,5.17
3192,5.17
3193,5.17
3194,5.17
3195,5.17
3196,5.17
3197,5.17
3198,5.17
3199,5.17
3200,5.17
3201,5.17
3202,5.17
3203,5.17
3204,5.17
3205,5.17
3206,5.17
3207,5.17
3208,5.17
3209,5.17
3210,5.17
3211,5.17
3212,5.17
3213,5.17
3214,5.17
3215,5.17
3216,5.17
3217,5.17
3218,5.17
3219,5.17
3220,5.17
3221,5.17
3222,5.17
3223,5.17
3224,5.17
3225,5.17
3226,5.17
3227,5.17
3228,5.17
3229,5.17
3230,5.17
3231,5.17
3232,5.17
3233,5.17
3234,5.17
3235,5.17
3236,5.17
3237,5.17
3238,5.17
3239,5.17
3240,5.17
3241,5.17
3242,5.17
3243,5.17
3244,5.17
3245,5.17
3246,5.17
3247,5.17
3248,5.17
3249,5.17
3250,5.17
3251,5.17
3252,5.17
3253,5.17
3254,5.17
3255,5.17
3256,5.17
3257,5.17
3258,5.17
3259,5.17
3260,5.17
3261,5.17
3262,5.17
3263,5.17
3264,5.17
3265,5.17
3266,5.17
3267,5.17
3268,5.17
3269,5.17
3270,5.17
3271,5.17
3272,5.17
3273,5.17
3274,5.17
3275,5.17
3276,5.17
3277,5.17
3278,5.17
3279,5.17
3280,5.17
3281,5.17
3282,5.17
3283,5.17
3284,5.17
3285,5.17
3286,5.17
3287,5.17
3288,5.17
3289,5.17
3290,5.17
3291,5.17
3292,5.17
3293,5.17
3294,5.17
3295,5.17
3296,5.17
3297,5.17
3298,5.17
3299,5.17
3300,5.17
3301,5.17
3302,5.17
3303,5.17
3304,5.17
3305,5.17
3306,5.17
3307,5.17
3308,5.17
3309,5.17
3310,5.17
3311,5.17
3312,5.17
3313,5.17
3314,5.17
3315,5.17
3316,5.17
3317,5.17
3318,5.17
3319,5.17
3320,5.17
3321,5.17
3322,5.17
3323,5.17
3324,5.17
3325,5.17
3326,5.17
3327,5.17
3328,5.17
3329,5.17
3330,5.17
3331,5.17
3332,5.17
3333,5.17
3334,5.17
3335,5.17
3336,5.17
3337,5.17
3338,5.17
3339,5.17
3340,5.17
3341,5.17
3342,5.17
3343,5.17
3344,5.17
3345,5.17
3346,5.17
3347,5.17
3348,5.17
3349,5.17
3350,5.17
3351,5.17
3352,5.17
3353,5.17
3354,5.17
3355,5.17
3356,5.17
3357,5.17
3358,5.17
3359,5.17
3360,5.17
3361,5.17
3362,5.17
3363,5.17
3364,5.17
3365,5.17
3366,5.17
3367,5.17
3368,5.17
3369,5.17
3370,5.17
3371,5.17
3372,5.17
3373,5.17
3374,5.17
3375,5.17
3376,5.17
3377,5.17
3378,5.17
3379,5.17
3380,5.17
3381,5.17
3382,5.17
3383,5.17
3384,5.17
3385,5.17
3386,5.17
3387,5.17
3388,5.17
3389,5.17
3390,5.17
3391,5.17
3392,5.17
3393,5.17
3394,5.17
3395,5.17
3396,5.17
3397,5.17
3398,5.17
3399,5.17
3400,5.17
3401,5.17
3402,5.17
3403,5.17
3404,5.17
3405,5.17
3406,5.17
3407,5.17
3408,5.17
3409,5.17
3410,5.17
3411,5.17
3412,5.17
3413,5.17
3414,5.17
3415,5.17
3416,5.17
3417,5.17
3418,5.17
3419,5.17
3420,5.17
3421,5.17
3422,5.17
3423,5.17
3424,5.17
3425,5.17
3426,5.17
3427,5.17
3428,5.17
3429,5.17
3430,5.17
3431,5.17
3432,5.17
3433,5.17
3434,5.17
3435,5.17
3436,5.17
3437,5.17
3438,5.17
3439,5.17
3440,5.17
3441,5.17
3442,5.17
3443,5.17
3444,5.17
3445,5.17
3446,5.17
3447,5.17
3448,5.17
3449,5.17
3450,5.17
3451,5.17
3452,5.17
3453,5.17
3454,5.17
3455,5.17
3456,5.17
3457,5.17
3458,5.17
3459,5.17
3460,5.17
3461,5.17
3462,5.17
3463,5.17
3464,5.17
3465,5.17
3466,5.17
3467,5.17
3468,5.17
3469,5.17
3470,5.17
3471,5.17
3472,5.17
3473,5.17
3474,5.17
3475,5.17
3476,5.17
3477,5.17
3478,5.17
3479,5.17
3480,5.17
3481,5.17
3482,5.17
3483,5.17
3484,5.17
3485,5.17
3486,5.17
3487,5.17
3488,5.17
3489,5.17
3490,5.17
3491,5.17
3492,5.17
3493,5.17
3494,5.17
3495,5.17
3496,5.17
3497,5.17
3498,5.17
3499,5.17
3500,5.17
3501,5.17
3502,5.17
3503,5.17
3504,5.17
3505,5.17
3506,5.17
3507,5.17
3508,5.17
3509,5.17
3510,5.17
3511,5.17
3512,5.17
3513,5.17
3514,5.17
3515,5.17
3516,5.17
3517,5.17
3518,5.17
3519,5.17
3520,5.17
3521,5.17
3522,5.17
3523,5.17
3524,5.17
3525,5.17
3526,5.17
3527,5.17
3528,5.17
3529,5.17
3530,5.17
3531,5.17
3532,5.17
3533,5.17
3534,5.17
3535,5.17
3536,5.17
3537,5.17
3538,5.17
3539,5.17
3540,5.17
3541,5.17
3542,5.17
3543,5.17
3544,5.17
3545,5.17
3546,5.17
3547,5.17
3548,5.17
3549,5.17
3550,5.17
3551,5.17
3552,5.17
3553,5.17
3554,5.17
3555,5.17
3556,5.17
3557,5.17
3558,5.17
3559,5.17
3560,5.17
3561,5.17
3562,5.17
3563,5.17
3564,5.17
3565,5.17
3566,5.17
3567,5.17
3568,5.17
3569,5.17
3570,5.17
3571,5.17
3572,5.17
3573,5.17
3574,5.17
3575,5.17
3576,5.17
3577,5.17
3578,5.17
3579,5.17
3580,5.17
3581,5.17
3582,5.17
3583,5.17
3584,5.17
3585,5.17
3586,5.17
3587,5.17
3588,5.17
3589,5.17
3590,5.17
3591,5.17
3592,5.17
3593,5.17
3594,5.17
3595,5.17
3596,5.17
3597,5.17
3598,5.17
3599,5.17
3600,5.17
3601,5.17
3602,5.17
3603,5.17
3604,5.17
3605,5.17
3606,5.17
3607,5.17
3608,5.17
3609,5.17
3610,5.17
3611,5.17
3612,5.17
3613,5.17
3614,5.17
3615,5.17
3616,5.17
3617,5.17
3618,5.17
3619,5.17
3620,5.17
3621,5.17
3622,5.17
3623,5.17
3624,5.17
3625,5.17
3626,5.17
3627,5.17
3628,5.17
3629,5.17
3630,5.17
3631,5.17
3632,5.17
3633,5.17
3634,5.17
3635,5.17
3636,5.17
3637,5.17
3638,5.17
3639,5.17
3640,5.17
3641,5.17
3642,5.17
3643,5.17
3644,5.17
3645,5.17
3646,5.17
3647,5.17
3648,5.17
3649,5.17
3650,5.17
3651,5.17
3652,5.17
3653,5.17
3654,5.17
3655,5.17
3656,5.17
3657,5.17
3658,5.17
3659,5.17
3660,5.17
3661,5.17
3662,5.17
3663,5.17
3664,5.17
3665,5.17
3666,5.17
3667,5.17
3668,5.17
3669,5.17
3670,5.17
3671,5.17
3672,5.17
3673,5.17
3674,5.17
3675,5.17
3676,5.17
3677,5.17
3678,5.17
3679,5.17
3680,5.17
3681,5.17
3682,5.17
3683,5.17
3684,5.17
3685,5.17
3686,5.17
3687,5.17
3688,5.17
3689,5.17
3690,5.17
3691,5.17
3692,5.17
3693,5.17
3694,5.17
3695,5.17
3696,5.17
3697,5.17
3698,5.17
3699,5.17
3700,5.17
3701,5.17
3702,5.17
3703,5.17
3704,5.17
3705,5.17
3706,5.17
3707,5.17
3708,5.17
3709,5.17
3710,5.17
3711,5.17
3712,5.17
3713,5.17
3714,5.17
3715,5.17
3716,5.17
3717,5.17
3718,5.17
3719,5.17
3720,5.17
3721,5.17
3722,5.17
3723,5.17
3724,5.17
3725,5.17
3726,5.17
3727,5.17
3728,5.17
3729,5.17
3730,5.17
3731,5.17
3732,5.17
3733,5.17
3734,5.17
3735,5.17
3736,5.17
3737,5.17
3738,5.17
3739,5.17
3740,5.17
3741,5.17
3742,5.17
3743,5.17
3744,5.17
3745,5.17
3746,5.17
3747,5.17
3748,5.17
3749,5.17
3750,5.17
3751,5.17
3752,5.17
3753,5.17
3754,5.17
3755,5.17
3756,5.17
3757,5.17
3758,5.17
3759,5.17
3760,5.17
3761,5.17
3762,5.17
3763,5.17
3764,5.17
3765,5.17
3766,5.17
3767,5.17
3768,5.17
3769,5.17
3770,5.17
3771,5.17
3772,5.17
3773,5.17
3774,5.17
3775,5.17
3776,5.17
3777,5.17
3778,5.17
3779,5.17
3780,5.17
3781,5.17
3782,5.17
3783,5.17
3784,5.17
3785,5.17
3786,5.17
3787,5.17
3788,5.17
3789,5.17
3790,5.17
3791,5.17
3792,5.17
3793,5.17
3794,5.17
3795,5.17
3796,5.17
3797,5.17
3798,5.17
3799,5.17
3800,5.17
3801,5.17
3802,5.17
3803,5.17
3804,5.17
3805,5.17
3806,5.17
3807,5.17
3808,5.17
3809,5.17
3810,5.17
3811,5.17
3812,5.17
3813,5.17
3814,5.17
3815,5.17
3816,5.17
3817,5.17
3818,5.17
3819,5.17
3820,5.17
3821,5.17
3822,5.17
3823,5.17
3824,5.17
3825,5.17
3826,5.17
3827,5.17
3828,5.17
3829,5.17
3830,5.17
3831,5.17
3832,5.17
3833,5.17
3834,5.17
3835,5.17
3836,5.17
3837,5.17
3838,5.17
3839,5.17
3840,5.17
3841,5.17
3842,5.17
3843,5.17
3844,5.17
3845,5.17
3846,5.17
3847,5.17
3848,5.17
3849,5.17
3850,5.17
3851,5.17
3852,5.17
3853,5.17
3854,5.17
3855,5.17
3856,5.17
3857,5.17
3858,5.17
3859,5.17
3860,5.17
3861,5.17
3862,5.17
3863,5.17
3864,5.17
3865,5.17
3866,5.17
3867,5.17
3868,5.17
3869,5.17
3870,5.17
3871,5.17
3872,5.17
3873,5.17
3874,5.17
3875,5.17
3876,5.17
3877,5.17
3878,5.17
3879,5.17
3880,5.17
3881,5.17
3882,5.17
3883,5.17
3884,5.17
3885,5.17
3886,5.17
3887,5.17
3888,5.17
3889,5.17
3890,5.17
3891,5.17
3892,5.17
3893,5.17
3894,5.17
3895,5.17
3896,5.17
3897,5.17
3898,5.17
3899,5.17
3900,5.17
3901,5.17
3902,5.17
3903,5.17
3904,5.17
3905,5.17
3906,5.17
3907,5.17
3908,5.17
3909,5.17
3910,5.17
3911,5.17
3912,5.17
3913,5.17
3914,5.17
3915,5.17
3916,5.17
3917,5.17
3918,5.17
3919,5.17
3920,5.17
3921,5.17
3922,5.17
3923,5.17
3924,5.17
3925,5.17
3926,5.17
3927,5.17
3928,5.17
3929,5.17
3930,5.17
3931,5.17
3932,5.17
3933,5.17
3934,5.17
3935,5.17
3936,5.17
3937,5.17
3938,5.17
3939,5.17
3940,5.17
3941,5.17
3942,5.17
3943,5.17
3944,5.17
3945,5.17
3946,5.17
3947,5.17
3948,5.17
3949,5.17
3950,5.17
3951,5.17
3952,5.17
3953,5.17
3954,5.17
3955,5.17
3956,5.17
3957,5.17
3958,5.17
3959,5.17
3960,5.17
3961,5.17
3962,5.17
3963,5.17
3964,5.17
3965,5.17
3966,5.17
3967,5.17
3968,5.17
3969,5.17
3970,5.17
3971,5.17
3972,5.17
3973,5.17
3974,5.17
3975,5.17
3976,5.17
3977,5.17
3978,5.17
3979,5.17
3980,5.17
3981,5.17
3982,5.17
3983,5.17
3984,5.17
3985,5.17
3986,5.17
3987,5.17
3988,5.17
3989,5.17
3990,5.17
3991,5.17
3992,5.17
3993,5.17
3994,5.17
3995,5.17
3996,5.17
3997,5.17
3998,5.17
3999,5.17
4000,5.17
4001,5.17
4002,5.17
4003,5.17
4004,5.17
4005,5.17
4006,5.17
4007,5.17
4008,5.17
4009,5.17
4010,5.17
4011,5.17
4012,5.17
4013,5.17
4014,5.17
4015,5.17
4016,5.17
4017,5.17
4018,5.17
4019,5.17
4020,5.17
4021,5.17
4022,5.17
4023,5.17
4024,5.17
4025,5.17
4026,5.17
4027,5.17
4028,5.17
4029,5.17
4030,5.17
4031,5.17
4032,5.17
4033,5.17
4034,5.17
4035,5.17
4036,5.17
4037,5.17
4038,5.17
4039,5.17
4040,5.17
4041,5.17
4042,5.17
4043,5.17
4044,5.17
4045,5.17
4046,5.17
4047,5.17
4048,5.17
4049,5.17
4050,5.17
4051,5.17
4052,5.17
4053,5.17
4054,5.17
4055,5.17
4056,5.17
4057,5.17
4058,5.17
4059,5.17
4060,5.17
4061,5.17
4062,5.17
4063,5.17
4064,5.17
4065,5.17
4066,5.17
4067,5.17
4068,5.17
4069,5.17
4070,5.17
4071,5.17
4072,5.17
4073,5.17
4074,5.17
4075,5.17
4076,5.17
4077,5.17
4078,5.17
4079,5.17
4080,5.17
4081,5.17
4082,5.17
4083,5.17
4084,5.17
4085,5.17
4086,5.17
4087,5.17
4088,5.17
4089,5.17
4090,5.17
4091,5.17
4092,5.17
4093,5.17
4094,5.17
4095,5.17
4096,5.17
4097,5.17
4098,5.17
4099,5.17
4100,5.17
4101,5.17
4102,5.17
4103,5.17
4104,5.17
4105,5.17
4106,5.17
4107,5.17
4108,5.17
4109,5.17
4110,5.17
4111,5.17
4112,5.17
4113,5.17
4114,5.17
4115,5.17
4116,5.17
4117,5.17
4118,5.17
4119,5.17
4120,5.17
4121,5.17
4122,5.17
4123,5.17
4124,5.17
4125,5.17
4126,5.17
4127,5.17
4128,5.17
4129,5.17
4130,5.17
4131,5.17
4132,5.17
4133,5.17
4134,5.17
4135,5.17
4136,5.17
4137,5.17
4138,5.17
4139,5.17
4140,5.17
4141,5.17
4142,5.17
4143,5.17
4144,5.17
4145,5.17
4146,5.17
4147,5.17
4148,5.17
4149,5.17
4150,5.17
4151,5.17
4152,5.17
4153,5.17
4154,5.17
4155,5.17
4156,5.17
4157,5.17
4158,5.17
4159,5.17
4160,5.17
4161,5.17
4162,5.17
4163,5.17
4164,5.17
4165,5.17
4166,5.17
4167,5.17
4168,5.17
4169,5.17
4170,5.17
4171,5.17
4172,5.17
4173,5.17
4174,5.17
4175,5.17
4176,5.17
4177,5.17
4178,5.17
4179,5.17
4180,5.17
4181,5.17
4182,5.17
4183,5.17
4184,5.17
4185,5.17
4186,5.17
4187,5.17
4188,5.17
4189,5.17
4190,5.17
4191,5.17
4192,5.17
4193,5.17
4194,5.17
4195,5.17
4196,5.17
4197,5.17
4198,5.17
4199,5.17
4200,5.17
4201,5.17
4202,5.17
4203,5.17
4204,5.17
4205,5.17
4206,5.17
4207,5.17
4208,5.17
4209,5.17
4210,5.17
4211,5.17
4212,5.17
4213,5.17
4214,5.17
4215,5.17
4216,5.17
4217,5.17
4218,5.17
4219,5.17
4220,5.17
4221,5.17
4222,5.17
4223,5.17
4224,5.17
4225,5.17
4226,5.17
4227,5.17
4228,5.17
4229,5.17
4230,5.17
4231,5.17
4232,5.17
4233,5.17
4234,5.17
4235,5.17
4236,5.17
4237,5.17
4238,5.17
4239,5.17
4240,5.17
4241,5.17
4242,5.17
4243,5.17
4244,5.17
4245,5.17
4246,5.17
4247,5.17
4248,5.17
4249,5.17
4250,5.17
4251,5.17
4252,5.17
4253,5.17
4254,5.17
4255,5.17
4256,5.17
4257,5.17
4258,5.17
4259,5.17
4260,5.17
4261,5.17
4262,5.17
4263,5.17
4264,5.17
4265,5.17
4266,5.17
4267,5.17
4268,5.17
4269,5.17
4270,5.17
4271,5.17
4272,5.17
4273,5.17
4274,5.17
4275,5.17
4276,5.17
4277,5.17
4278,5.17
4279,5.17
4280,5.17
4281,5.17
4282,5.17
4283,5.17
4284,5.17
4285,5.17
4286,5.17
4287,5.17
4288,5.17
4289,5.17
4290,5.17
4291,5.17
4292,5.17
4293,5.17
4294,5.17
4295,5.17
4296,5.17
4297,5.17
4298,5.17
4299,5.17
4300,5.17
4301,5.17
4302,5.17
4303,5.17
4304,5.17
4305,5.17
4306,5.17
4307,5.17
4308,5.17
4309,5.17
4310,5.17
4311,5.17
4312,5.17
4313,5.17
4314,5.17
4315,5.17
4316,5.17
4317,5.17
4318,5.17
4319,5.17
4320,5.17
4321,5.17
4322,5.17
4323,5.17
4324,5.17
4325,5.17
4326,5.17
4327,5.17
4328,5.17
4329,5.17
4330,5.17
4331,5.17
4332,5.17
4333,5.17
4334,5.17
4335,5.17
4336,5.17
4337,5.17
4338,5.17
4339,5.17
4340,5.17
4341,5.17
4342,5.17
4343,5.17
4344,5.17
4345,5.17
4346,5.17
4347,5.17
4348,5.17
4349,5.17
4350,5.17
4351,5.17
4352,5.17
4353,5.17
4354,5.17
4355,5.17
4356,5.17
4357,5.17
4358,5.17
4359,5.17
4360,5.17
4361,5.17
4362,5.17
4363,5.17
4364,5.17
4365,5.17
4366,5.17
4367,5.17
4368,5.17
4369,5.17
4370,5.17
4371,5.17
4372,5.17
4373,5.17
4374,5.17
4375,5.17
4376,5.17
4377,5.17
4378,5.17
4379,5.17
4380,5.17
4381,5.17
4382,5.17
4383,5.17
4384,5.17
4385,5.17
4386,5.17
4387,5.17
4388,5.17
4389,5.17
4390,5.17
4391,5.17
4392,5.17
4393,5.17
4394,5.17
4395,5.17
4396,5.17
4397,5.17
4398,5.17
4399,5.17
4400,5.17
4401,5.17
4402,5.17
4403,5.17
4404,5.17
4405,5.17
4406,5.17
4407,5.17
4408,5.17
4409,5.17
4410,5.17
4411,5.17
4412,5.17
4413,5.17
4414,5.17
4415,5.17
4416,5.17
4417,5.17
4418,5.17
4419,5.17
4420,5.17
4421,5.17
4422,5.17
4423,5.17
4424,5.17
4425,5.17
4426,5.17
4427,5.17
4428,5.17
4429,5.17
4430,5.17
4431,5.17
4432,5.17
4433,5.17
4434,5.17
4435,5.17
4436,5.17
4437,5.17
4438,5.17
4439,5.17
4440,5.17
4441,5.17
4442,5.17
4443,5.17
4444,5.17
4445,5.17
4446,5.17
4447,5.17
4448,5.17
4449,5.17
4450,5.17
4451,5.17
4452,5.17
4453,5.17
4454,5.17
4455,5.17
4456,5.17
4457,5.17
4458,5.17
4459,5.17
4460,5.17
4461,5.17
4462,5.17
4463,5.17
4464,5.17
4465,5.17
4466,5.17
4467,5.17
4468,5.17
4469,5.17
4470,5.17
4471,5.17
4472,5.17
4473,5.17
4474,5.17
4475,5.17
4476,5.17
4477,5.17
4478,5.17
4479,5.17
4480,5.17
4481,5.17
4482,5.17
4483,5.17
4484,5.17
4485,5.17
4486,5.17
4487,5.17
4488,5.17
4489,5.17
4490,5.17
4491,5.17
4492,5.17
4493,5.17
4494,5.17
4495,5.17
4496,5.17
4497,5.17
4498,5.17
4499,5.17
4500,5.17
4501,5.17
4502,5.17
4503,5.17
4504,5.17
4505,5.17
4506,5.17
4507,5.17
4508,5.17
4509,5.17
4510,5.17
4511,5.17
4512,5.17
4513,5.17
4514,5.17
4515,5.17
4516,5.17
4517,5.17
4518,5.17
4519,5.17
4520,5.17
4521,5.17
4522,5.17
4523,5.17
4524,5.17
4525,5.17
4526,5.17
4527,5.17
4528,5.17
4529,5.17
4530,5.17
4531,5.17
4532,5.17
4533,5.17
4534,5.17
4535,5.17
4536,5.17
4537,5.17
4538,5.17
4539,5.17
4540,5.17
4541,5.17
4542,5.17
4543,5.17
4544,5.17
4545,5.17
4546,5.17
4547,5.17
4548,5.17
4549,5.17
4550,5.17
4551,5.17
4552,5.17
4553,5.17
4554,5.17
4555,5.17
4556,5.17
4557,5.17
4558,5.17
4559,5.17
4560,5.17
4561,5.17
4562,5.17
4563,5.17
4564,5.17
4565,5.17
4566,5.17
4567,5.17
4568,5.17
4569,5.17
4570,5.17
4571,5.17
4572,5.17
4573,5.17
4574,5.17
4575,5.17
4576,5.17
4577,5.17
4578,5.17
4579,5.17
4580,5.17
4581,5.17
4582,5.17
4583,5.17
4584,5.17
4585,5.17
4586,5.17
4587,5.17
4588,5.17
4589,5.17
4590,5.17
4591,5.17
4592,5.17
4593,5.17
4594,5.17
4595,5.17
4596,5.17
4597,5.17
4598,5.17
4599,5.17
4600,5.17
4601,5.17
4602,5.17
4603,5.17
4604,5.17
4605,5.17
4606,5.17
4607,5.17
4608,5.17
4609,5.17
4610,5.17
4611,5.17
4612,5.17
4613,5.17
4614,5.17
4615,5.17
4616,5.17
4617,5.17
4618,5.17
4619,5.17
4620,5.17
4621,5.17
4622,5.17
4623,5.17
4624,5.17
4625,5.17
4626,5.17
4627,5.17
4628,5.17
4629,5.17
4630,5.17
4631,5.17
4632,5.17
4633,5.17
4634,5.17
4635,5.17
4636,5.17
4637,5.17
4638,5.17
4639,5.17
4640,5.17
4641,5.17
4642,5.17
4643,5.17
4644,5.17
4645,5.17
4646,5.17
4647,5.17
4648,5.17
4649,5.17
4650,5.17
4651,5.17
4652,5.17
4653,5.17
4654,5.17
4655,5.17
4656,5.17
4657,5.17
4658,5.17
4659,5.17
4660,5.17
4661,5.17
4662,5.17
4663,5.17
4664,5.17
4665,5.17
4666,5.17
4667,5.17
4668,5.17
4669,5.17
4670,5.17
4671,5.17
4672,5.17
4673,5.17
4674,5.17
4675,5.17
4676,5.17
4677,5.17
4678,5.17
4679,5.17
4680,5.17
4681,5.17
4682,5.17
4683,5.17
4684,5.17
4685,5.17
4686,5.17
4687,5.17
4688,5.17
4689,5.17
4690,5.17
4691,5.17
4692,5.17
4693,5.17
4694,5.17
4695,5.17
4696,5.17
4697,5.17
4698,5.17
4699,5.17
4700,5.17
4701,5.17
4702,5.17
4703,5.17
4704,5.17
4705,5.17
4706,5.17
4707,5.17
4708,5.17
4709,5.17
4710,5.17
4711,5.17
4712,5.17
4713,5.17
4714,5.17
4715,5.17
4716,5.17
4717,5.17
4718,5.17
4719,5.17
4720,5.17
4721,5.17
4722,5.17
4723,5.17
4724,5.17
4725,5.17
4726,5.17
4727,5.17
4728,5.17
4729,5.17
4730,5.17
4731,5.17
4732,5.17
4733,5.17
4734,5.17
4735,5.17
4736,5.17
4737,5.17
4738,5.17
4739,5.17
4740,5.17
4741,5.17
4742,5.17
4743,5.17
4744,5.17
4745,5.17
4746,5.17
4747,5.17
4748,5.17
4749,5.17
4750,5.17
4751,5.17
4752,5.17
4753,5.17
4754,5.17
4755,5.17
4756,5.17
4757,5.17
4758,5.17
4759,5.17
4760,5.17
4761,5.17
4762,5.17
4763,5.17
4764,5.17
4765,5.17
4766,5.17
4767,5.17
4768,5.17
4769,5.17
4770,5.17
4771,5.17
4772,5.17
4773,5.17
4774,5.17
4775,5.17
4776,5.17
4777,5.17
4778,5.17
4779,5.17
4780,5.17
4781,5.17
4782,5.17
4783,5.17
4784,5.17
4785,5.17
4786,5.17
4787,5.17
4788,5.17
4789,5.17
4790,5.17
4791,5.17
4792,5.17
4793,5.17
4794,5.17
4795,5.17
4796,5.17
4797,5.17
4798,5.17
4799,5.17
4800,5.17
4801,5.17
4802,5.17
4803,5.17
4804,5.17
4805,5.17
4806,5.17
4807,5.17
4808,5.17
4809,5.17
4810,5.17
4811,5.17
4812,5.17
4813,5.17
4814,5.17
4815,5.17
4816,5.17
4817,5.17
4818,5.17
4819,5.17
4820,5.17
4821,5.17
4822,5.17
4823,5.17
4824,5.17
4825,5.17
4826,5.17
4827,5.17
4828,5.17
4829,5.17
4830,5.17
4831,5.17
4832,5.17
4833,5.17
4834,5.17
4835,5.17
4836,5.17
4837,5.17
4838,5.17
4839,5.17
4840,5.17
4841,5.17
4842,5.17
4843,5.17
4844,5.17
4845,5.17
4846,5.17
4847,5.17
4848,5.17
4849,5.17
4850,5.17
4851,5.17
4852,5.17
4853,5.17
4854,5.17
4855,5.17
4856,5.17
4857,5.17
4858,5.17
4859,5.17
4860,5.17
4861,5.17
4862,5.17
4863,5.17
4864,5.17
4865,5.17
4866,5.17
4867,5.17
4868,5.17
4869,5.17
4870,5.17
4871,5.17
4872,5.17
4873,5.17
4874,5.17
4875,5.17
4876,5.17
4877,5.17
4878,5.17
4879,5.17
4880,5.17
4881,5.17
4882,5.17
4883,5.17
4884,5.17
4885,5.17
4886,5.17
4887,5.17
4888,5.17
4889,5.17
4890,5.17
4891,5.17
4892,5.17
4893,5.17
4894,5.17
4895,5.17
4896,5.17
4897,5.17
4898,5.17
4899,5.17
4900,5.17
4901,5.17
4902,5.17
4903,5.17
4904,5.17
4905,5.17
4906,5.17
4907,5.17
4908,5.17
4909,5.17
4910,5.17
4911,5.17
4912,5.17
4913,5.17
4914,5.17
4915,5.17
4916,5.17
4917,5.17
4918,5.17
4919,5.17
4920,5.17
4921,5.17
4922,5.17
4923,5.17
4924,5.17
4925,5.17
4926,5.17
4927,5.17
4928,5.17
4929,5.17
4930,5.17
4931,5.17
4932,5.17
4933,5.17
4934,5.17
4935,5.17
4936,5.17
4937,5.17
4938,5.17
4939,5.17
4940,5.17
4941,5.17
4942,5.17
4943,5.17
4944,5.17
4945,5.17
4946,5.17
4947,5.17
4948,5.17
4949,5.17
4950,5.17
4951,5.17
4952,5.17
4953,5.17
4954,5.17
4955,5.17
4956,5.17
4957,5.17
4958,5.17
4959,5.17
4960,5.17
4961,5.17
4962,5.17
4963,5.17
4964,5.17
4965,5.17
4966,5.17
4967,5.17
4968,5.17
4969,5.17
4970,5.17
4971,5.17
4972,5.17
4973,5.17
4974,5.17
4975,5.17
4976,5.17
4977,5.17
4978,5.17
4979,5.17
4980,5.17
4981,5.17
4982,5.17
4983,5.17
4984,5.17
4985,5.17
4986,5.17
4987,5.17
4988,5.17
4989,5.17
4990,5.17
4991,5.17
4992,5.17
4993,5.17
4994,5.17
4995,5.17
4996,5.17
4997,5.17
4998,5.17
4999,5.17
5000,5.17
5001,5.17
5002,5.17
5003,5.17
5004,5.17
5005,5.17
5006,5.17
5007,5.17
5008,5.17
5009,5.17
5010,5.17
5011,5.17
5012,5.17
5013,5.17
5014,5.17
5015,5.17
5016,5.17
5017,5.17
5018,5.17
5019,5.17
5020,5.17
5021,5.17
5022,5.17
5023,5.17
5024,5.17
5025,5.17
5026,5.17
5027,5.17
5028,5.17
5029,5.17
5030,5.17
5031,5.17
5032,5.17
5033,5.17
5034,5.17
5035,5.17
5036,5.17
5037,5.17
5038,5.17
5039,5.17
5040,5.17
5041,5.17
5042,5.17
5043,5.17
5044,5.17
5045,5.17
5046,5.17
5047,5.17
5048,5.17
5049,5.17
5050,5.17
5051,5.17
5052,5.17
5053,5.17
5054,5.17
5055,5.17
5056,5.17
5057,5.17
5058,5.17
5059,5.17
5060,5.17
5061,5.17
5062,5.17
5063,5.17
5064,5.17
5065,5.17
5066,5.17
5067,5.17
5068,5.17
5069,5.17
5070,5.17
5071,5.17
5072,5.17
5073,5.17
5074,5.17
5075,5.17
5076,5.17
5077,5.17
5078,5.17
5079,5.17
5080,5.17
5081,5.17
5082,5.17
5083,5.17
5084,5.17
5085,5.17
5086,5.17
5087,5.17
5088,5.17
5089,5.17
5090,5.17
5091,5.17
5092,5.17
5093,5.17
5094,5.17
5095,5.17
5096,5.17
5097,5.17
5098,5.17
5099,5.17
5100,5.17
5101,5.17
5102,5.17
5103,5.17
5104,5.17
5105,5.17
5106,5.17
5107,5.17
5108,5.17
5109,5.17
5110,5.17
5111,5.17
5112,5.17
5113,5.17
5114,5.17
5115,5.17
5116,5.17
5117,5.17
5118,5.17
5119,5.17
5120,5.17
5121,5.17
5122,5.17
5123,5.17
5124,5.17
5125,5.17
5126,5.17
5127,5.17
5128,5.17
5129,5.17
5130,5.17
5131,5.17
5132,5.17
5133,5.17
5134,5.17
5135,5.17
5136,5.17
5137,5.17
5138,5.17
5139,5.17
5140,5.17
5141,5.17
5142,5.17
5143,5.17
5144,5.17
5145,5.17
5146,5.17
5147,5.17
5148,5.17
5149,5.17
5150,5.17
5151,5.17
5152,5.17
5153,5.17
5154,5.17
5155,5.17
5156,5.17
5157,5.17
5158,5.17
5159,5.17
5160,5.17
5161,5.17
5162,5.17
5163,5.17
5164,5.17
5165,5.17
5166,5.17
5167,5.17
5168,5.17
5169,5.17
5170,5.17
5171,5.17
5172,5.17
5173,5.17
5174,5.17
5175,5.17
5176,5.17
5177,5.17
5178,5.17
5179,5.17
5180,5.17
5181,5.17
5182,5.17
5183,5.17
5184,5.17
5185,5.17
5186,5.17
5187,5.17
5188,5.17
5189,5.17
5190,5.17
5191,5.17
5192,5.17
5193,5.17
5194,5.17
5195,5.17
5196,5.17
5197,5.17
5198,5.17
5199,5.17
5200,5.17
5201,5.17
5202,5.17
5203,5.17
5204,5.17
5205,5.17
5206,5.17
5207,5.17
5208,5.17
5209,5.17
5210,5.17
5211,5.17
5212,5.17
5213,5.17
5214,5.17
5215,5.17
5216,5.17
5217,5.17
5218,5.17
5219,5.17
5220,5.17
5221,5.17
5222,5.17
5223,5.17
5224,5.17
5225,5.17
5226,5.17
5227,5.17
5228,5.17
5229,5.17
5230,5.17
5231,5.17
5232,5.17
5233,5.17
5234,5.17
5235,5.17
5236,5.17
5237,5.17
5238,5.17
5239,5.17
5240,5.17
5241,5.17
5242,5.17
5243,5.17
5244,5.17
5245,5.17
5246,5.17
5247,5.17
5248,5.17
5249,5.17
5250,5.17
5251,5.17
5252,5.17
5253,5.17
5254,5.17
5255,5.17
5256,5.17
5257,5.17
5258,5.17
5259,5.17
5260,5.17
5261,5.17
5262,5.17
5263,5.17
5264,5.17
5265,5.17
5266,5.17
5267,5.17
5268,5.17
5269,5.17
5270,5.17
5271,5.17
5272,5.17
5273,5.17
5274,5.17
5275,5.17
5276,5.17
5277,5.17
5278,5.17
5279,5.17
5280,5.17
5281,5.17
5282,5.17
5283,5.17
5284,5.17
5285,5.17
5286,5.17
5287,5.17
5288,5.17
5289,5.17
5290,5.17
5291,5.17
5292,5.17
5293,5.17
5294,5.17
5295,5.17
5296,5.17
5297,5.17
5298,5.17
5299,5.17
5300,5.17
5301,5.17
5302,5.17
5303,5.17
5304,5.17
5305,5.17
5306,5.17
5307,5.17
5308,5.17
5309,5.17
5310,5.17
5311,5.17
5312,5.17
5313,5.17
5314,5.17
5315,5.17
5316,5.17
5317,5.17
5318,5.17
5319,5.17
5320,5.17
5321,5.17
5322,5.17
5323,5.17
5324,5.17
5325,5.17
5326,5.17
5327,5.17
5328,5.17
5329,5.17
5330,5.17
5331,5.17
5332,5.17
5333,5.17
5334,5.17
5335,5.17
5336,5.17
5337,5.17
5338,5.17
5339,5.17
5340,5.17
5341,5.17
5342,5.17
5343,5.17
5344,5.17
5345,5.17
5346,5.17
5347,5.17
5348,5.17
5349,5.17
5350,5.17
5351,5.17
5352,5.17
5353,5.17
5354,5.17
5355,5.17
5356,5.17
5357,5.17
5358,5.17
5359,5.17
5360,5.17
5361,5.17
5362,5.17
5363,5.17
5364,5.17
5365,5.17
5366,5.17
5367,5.17
5368,5.17
5369,5.17
5370,5.17
5371,5.17
5372,5.17
5373,5.17
5374,5.17
5375,5.17
5376,5.17
5377,5.17
5378,5.17
5379,5.17
5380,5.17
5381,5.17
5382,5.17
5383,5.17
5384,5.17
5385,5.17
5386,5.17
5387,5.17
5388,5.17
5389,5.17
5390,5.17
5391,5.17
5392,5.17
5393,5.17
5394,5.17
5395,5.17
5396,5.17
5397,5.17
5398,5.17
5399,5.17
5400,5.17
5401,5.17
5402,5.17
5403,5.17
5404,5.17
5405,5.17
5406,5.17
5407,5.17
5408,5.17
5409,5.17
5410,5.17
5411,5.17
5412,5.17
5413,5.17
5414,5.17
5415,5.17
5416,5.17
5417,5.17
5418,5.17
5419,5.17
5420,5.17
5421,5.17
5422,5.17
5423,5.17
5424,5.17
5425,5.17
5426,5.17
5427,5.17
5428,5.17
5429,5.17
5430,5.17
5431,5.17
5432,5.17
5433,5.17
5434,5.17
5435,5.17
5436,5.17
5437,5.17
5438,5.17
5439,5.17
5440,5.17
5441,5.17
5442,5.17
5443,5.17
5444,5.17
5445,5.17
5446,5.17
5447,5.17
5448,5.17
5449,5.17
5450,5.17
5451,5.17
5452,5.17
5453,5.17
5454,5.17
5455,5.17
5456,5.17
5457,5.17
5458,5.17
5459,5.17
5460,5.17
5461,5.17
5462,5.17
5463,5.17
5464,5.17
5465,5.17
5466,5.17
5467,5.17
5468,5.17
5469,5.17
5470,5.17
5471,5.17
5472,5.17
5473,5.17
5474,5.17
5475,5.17
5476,5.17
5477,5.17
5478,5.17
5479,5.17
5480,5.17
5481,5.17
5482,5.17
5483,5.17
5484,5.17
5485,5.17
5486,5.17
5487,5.17
5488,5.17
5489,5.17
5490,5.17
5491,5.17
5492,5.17
5493,5.17
5494,5.17
5495,5.17
5496,5.17
5497,5.17
5498,5.17
5499,5.17
5500,5.17
5501,5.17
5502,5.17
5503,5.17
5504,5.17
5505,5.17
5506,5.17
5507,5.17
5508,5.17
5509,5.17
5510,5.17
5511,5.17
5512,5.17
5513,5.17
5514,5.17
5515,5.17
5516,5.17
5517,5.17
5518,5.17
5519,5.17
5520,5.17
5521,5.17
5522,5.17
5523,5.17
5524,5.17
5525,5.17
5526,5.17
5527,5.17
5528,5.17
5529,5.17
5530,5.17
5531,5.17
5532,5.17
5533,5.17
5534,5.17
5535,5.17
5536,5.17
5537,5.17
5538,5.17
5539,5.17
5540,5.17
5541,5.17
5542,5.17
5543,5.17
5544,5.17
5545,5.17
5546,5.17
5547,5.17
5548,5.17
5549,5.17
5550,5.17
5551,5.17
5552,5.17
5553,5.17
5554,5.17
5555,5.17
5556,5.17
5557,5.17
5558,5.17
5559,5.17
5560,5.17
5561,5.17
5562,5.17
5563,5.17
5564,5.17
5565,5.17
5566,5.17
5567,5.17
5568,5.17
5569,5.17
5570,5.17
5571,5.17
5572,5.17
5573,5.17
5574,5.17
5575,5.17
5576,5.17
5577,5.17
5578,5.17
5579,5.17
5580,5.17
5581,5.17
5582,5.17
5583,5.17
5584,5.17
5585,5.17
5586,5.17
5587,5.17
5588,5.17
5589,5.17
5590,5.17
5591,5.17
5592,5.17
5593,5.17
5594,5.17
5595,5.17
5596,5.17
5597,5.17
5598,5.17
5599,5.17
5600,5.17
5601,5.17
5602,5.17
5603,5.17
5604,5.17
5605,5.17
5606,5.17
5607,5.17
5608,5.17
5609,5.17
5610,5.17
5611,5.17
5612,5.17
5613,5.17
5614,5.17
5615,5.17
5616,5.17
5617,5.17
5618,5.17
5619,5.17
5620,5.17
5621,5.17
5622,5.17
5623,5.17
5624,5.17
5625,5.17
5626,5.17
5627,5.17
5628,5.17
5629,5.17
5630,5.17
5631,5.17
5632,5.17
5633,5.17
5634,5.17
5635,5.17
5636,5.17
5637,5.17
5638,5.17
5639,5.17
5640,5.17
5641,5.17
5642,5.17
5643,5.17
5644,5.17
5645,5.17
5646,5.17
5647,5.17
5648,5.17
5649,5.17
5650,5.17
5651,5.17
5652,5.17
5653,5.17
5654,5.17
5655,5.17
5656,5.17
5657,5.17
5658,5.17
5659,5.17
5660,5.17
5661,5.17
5662,5.17
5663,5.17
5664,5.17
5665,5.17
5666,5.17
5667,5.17
5668,5.17
5669,5.17
5670,5.17
5671,5.17
5672,5.17
5673,5.17
5674,5.17
5675,5.17
5676,5.17
5677,5.17
5678,5.17
5679,5.17
5680,5.17
5681,5.17
5682,5.17
5683,5.17
5684,5.17
5685,5.17
5686,5.17
5687,5.17
5688,5.17
5689,5.17
5690,5.17
5691,5.17
5692,5.17
5693,5.17
5694,5.17
5695,5.17
5696,5.17
5697,5.17
5698,5.17
5699,5.17
5700,5.17
5701,5.17
5702,5.17
5703,5.17
5704,5.17
5705,5.17
5706,5.17
5707,5.17
5708,5.17
5709,5.17
5710,5.17
5711,5.17
5712,5.17
5713,5.17
5714,5.17
5715,5.17
5716,5.17
5717,5.17
5718,5.17
5719,5.17
5720,5.17
5721,5.17
5722,5.17
5723,5.17
5724,5.17
5725,5.17
5726,5.17
5727,5.17
5728,5.17
5729,5.17
5730,5.17
5731,5.17
5732,5.17
5733,5.17
5734,5.17
5735,5.17
5736,5.17
5737,5.17
5738,5.17
5739,5.17
5740,5.17
5741,5.17
5742,5.17
5743,5.17
5744,5.17
5745,5.17
5746,5.17
5747,5.17
5748,5.17
5749,5.17
5750,5.17
5751,5.17
5752,5.17
5753,5.17
5754,5.17
5755,5.17
5756,5.17
5757,5.17
5758,5.17
5759,5.17
5760,5.17
5761,5.17
5762,5.17
5763,5.17
5764,5.17
5765,5.17
5766,5.17
5767,5.17
5768,5.17
5769,5.17
5770,5.17
5771,5.17
5772,5.17
5773,5.17
5774,5.17
5775,5.17
5776,5.17
5777,5.17
5778,5.17
5779,5.17
5780,5.17
5781,5.17
5782,5.17
5783,5.17
5784,5.17
5785,5.17
5786,5.17
5787,5.17
5788,5.17
5789,5.17
5790,5.17
5791,5.17
5792,5.17
5793,5.17
5794,5.17
5795,5.17
5796,5.17
5797,5.17
5798,5.17
5799,5.17
5800,5.17
5801,5.17
5802,5.17
5803,5.17
5804,5.17
5805,5.17
5806,5.17
5807,5.17
5808,5.17
5809,5.17
5810,5.17
5811,5.17
5812,5.17
5813,5.17
5814,5.17
5815,5.17
5816,5.17
5817,5.17
5818,5.17
5819,5.17
5820,5.17
5821,5.17
5822,5.17
5823,5.17
5824,5.17
5825,5.17
5826,5.17
5827,5.17
5828,5.17
5829,5.17
5830,5.17
5831,5.17
5832,5.17
5833,5.17
5834,5.17
5835,5.17
5836,5.17
5837,5.17
5838,5.17
5839,5.17
5840,5.17
5841,5.17
5842,5.17
5843,5.17
5844,5.17
5845,5.17
5846,5.17
5847,5.17
5848,5.17
5849,5.17
5850,5.17
5851,5.17
5852,5.17
5853,5.17
5854,5.17
5855,5.17
5856,5.17
5857,5.17
5858,5.17
5859,5.17
5860,5.17
5861,5.17
5862,5.17
5863,5.17
5864,5.17
5865,5.17
5866,5.17
5867,5.17
5868,5.17
5869,5.17
5870,5.17
5871,5.17
5872,5.17
5873,5.17
5874,5.17
5875,5.17
5876,5.17
5877,5.17
5878,5.17
5879,5.17
5880,5.17
5881,5.17
5882,5.17
5883,5.17
5884,5.17
5885,5.17
5886,5.17
5887,5.17
5888,5.17
5889,5.17
5890,5.17
5891,5.17
5892,5.17
5893,5.17
5894,5.17
5895,5.17
5896,5.17
5897,5.17
5898,5.17
5899,5.17
5900,5.17
5901,5.17
5902,5.17
5903,5.17
5904,5.17
5905,5.17
5906,5.17
5907,5.17
5908,5.17
5909,5.17
5910,5.17
5911,5.17
5912,5.17
5913,5.17
5914,5.17
5915,5.17
5916,5.17
5917,5.17
5918,5.17
5919,5.17
5920,5.17
5921,5.17
5922,5.17
5923,5.17
5924,5.17
5925,5.17
5926,5.17
5927,5.17
5928,5.17
5929,5.17
5930,5.17
5931,5.17
5932,5.17
5933,5.17
5934,5.17
5935,5.17
5936,5.17
5937,5.17
5938,5.17
5939,5.17
5940,5.17
5941,5.17
5942,5.17
5943,5.17
5944,5.17
5945,5.17
5946,5.17
5947,5.17
5948,5.17
5949,5.17
5950,5.17
5951,5.17
5952,5.17
5953,5.17
5954,5.17
5955,5.17
5956,5.17
5957,5.17
5958,5.17
5959,5.17
5960,5.17
5961,5.17
5962,5.17
5963,5.17
5964,5.17
5965,5.17
5966,5.17
5967,5.17
5968,5.17
5969,5.17
5970,5.17
5971,5.17
5972,5.17
5973,5.17
5974,5.17
5975,5.17
5976,5.17
5977,5.17
5978,5.17
5979,5.17
5980,5.17
5981,5.17
5982,5.17
5983,5.17
5984,5.17
5985,5.17
5986,5.17
5987,5.17
5988,5.17
5989,5.17
5990,5.17
5991,5.17
5992,5.17
5993,5.17
5994,5.17
5995,5.17
5996,5.17
5997,5.17
5998,5.17
5999,5.17
6000,5.17
6001,5.17
6002,5.17
6003,5.17
6004,5.17
6005,5.17
6006,5.17
6007,5.17
6008,5.17
6009,5.17
6010,5.17
6011,5.17
6012,5.17
6013,5.17
6014,5.17
6015,5.17
6016,5.17
6017,5.17
6018,5.17
6019,5.17
6020,5.17
6021,5.17
6022,5.17
6023,5.17
6024,5.17
6025,5.17
6026,5.17
6027,5.17
6028,5.17
6029,5.17
6030,5.17
6031,5.17
6032,5.17
6033,5.17
6034,5.17
6035,5.17
6036,5.17
6037,5.17
6038,5.17
6039,5.17
6040,5.17
6041,5.17
6042,5.17
6043,5.17
6044,5.17
6045,5.17
6046,5.17
6047,5.17
6048,5.17
6049,5.17
6050,5.17
6051,5.17
6052,5.17
6053,5.17
6054,5.17
6055,5.17
6056,5.17
6057,5.17
6058,5.17
6059,5.17
6060,5.17
6061,5.17
6062,5.17
6063,5.17
6064,5.17
6065,5.17
6066,5.17
6067,5.17
6068,5.17
6069,5.17
6070,5.17
6071,5.17
6072,5.17
6073,5.17
6074,5.17
6075,5.17
6076,5.17
6077,5.17
6078,5.17
6079,5.17
6080,5.17
6081,5.17
6082,5.17
6083,5.17
6084,5.17
6085,5.17
6086,5.17
6087,5.17
6088,5.17
6089,5.17
6090,5.17
6091,5.17
6092,5.17
6093,5.17
6094,5.17
6095,5.17
6096,5.17
6097,5.17
6098,5.17
6099,5.17
6100,5.17
6101,5.17
6102,5.17
6103,5.17
6104,5.17
6105,5.17
6106,5.17
6107,5.17
6108,5.17
6109,5.17
6110,5.17
6111,5.17
6112,5.17
6113,5.17
6114,5.17
6115,5.17
6116,5.17
6117,5.17
6118,5.17
6119,5.17
6120,5.17
6121,5.17
6122,5.17
6123,5.17
6124,5.17
6125,5.17
6126,5.17
6127,5.17
6128,5.17
6129,5.17
6130,5.17
6131,5.17
6132,5.17
6133,5.17
6134,5.17
6135,5.17
6136,5.17
6137,5.17
6138,5.17
6139,5.17
6140,5.17
6141,5.17
6142,5.17
6143,5.17
6144,5.17
6145,5.17
6146,5.17
6147,5.17
6148,5.17
6149,5.17
6150,5.17
6151,5.17
6152,5.17
6153,5.17
6154,5.17
6155,5.17
6156,5.17
6157,5.17
6158,5.17
6159,5.17
6160,5.17
6161,5.17
6162,5.17
6163,5.17
6164,5.17
6165,5.17
6166,5.17
6167,5.17
6168,5.17
6169,5.17
6170,5.17
6171,5.17
6172,5.17
6173,5.17
6174,5.17
6175,5.17
6176,5.17
6177,5.17
6178,5.17
6179,5.17
6180,5.17
6181,5.17
6182,5.17
6183,5.17
6184,5.17
6185,5.17
6186,5.17
6187,5.17
6188,5.17
6189,5.17
6190,5.17
6191,5.17
6192,5.17
6193,5.17
6194,5.17
6195,5.17
6196,5.17
6197,5.17
6198,5.17
6199,5.17
6200,5.17
6201,5.17
6202,5.17
6203,5.17
6204,5.17
6205,5.17
6206,5.17
6207,5.17
6208,5.17
6209,5.17
6210,5.17
6211,5.17
6212,5.17
6213,5.17
6214,5.17
6215,5.17
6216,5.17
6217,5.17
6218,5.17
6219,5.17
6220,5.17
6221,5.17
6222,5.17
6223,5.17
6224,5.17
6225,5.17
6226,5.17
6227,5.17
6228,5.17
6229,5.17
6230,5.17
6231,5.17
6232,5.17
6233,5.17
6234,5.17
6235,5.17
6236,5.17
6237,5.17
6238,5.17
6239,5.17
6240,5.17
6241,5.17
6242,5.17
6243,5.17
6244,5.17
6245,5.17
6246,5.17
6247,5.17
6248,5.17
6249,5.17
6250,5.17
6251,5.17
6252,5.17
6253,5.17
6254,5.17
6255,5.17
6256,5.17
6257,5.17
6258,5.17
6259,5.17
6260,5.17
6261,5.17
6262,5.17
6263,5.17
6264,5.17
6265,5.17
6266,5.17
6267,5.17
6268,5.17
6269,5.17
6270,5.17
6271,5.17
6272,5.17
6273,5.17
6274,5.17
6275,5.17
6276,5.17
6277,5.17
6278,5.17
6279,5.17
6280,5.17
6281,5.17
6282,5.17
6283,5.17
6284,5.17
6285,5.17
6286,5.17
6287,5.17
6288,5.17
6289,5.17
6290,5.17
6291,5.17
6292,5.17
6293,5.17
6294,5.17
6295,5.17
6296,5.17
6297,5.17
6298,5.17
6299,5.17
6300,5.17
6301,5.17
6302,5.17
6303,5.17
6304,5.17
6305,5.17
6306,5.17
6307,5.17
6308,5.17
6309,5.17
6310,5.17
6311,5.17
6312,5.17
6313,5.17
6314,5.17
6315,5.17
6316,5.17
6317,5.17
6318,5.17
6319,5.17
6320,5.17
6321,5.17
6322,5.17
6323,5.17
6324,5.17
6325,5.17
6326,5.17
6327,5.17
6328,5.17
6329,5.17
6330,5.17
6331,5.17
6332,5.17
6333,5.17
6334,5.17
6335,5.17
6336,5.17
6337,5.17
6338,5.17
6339,5.17
6340,5.17
6341,5.17
6342,5.17
6343,5.17
6344,5.17
6345,5.17
6346,5.17
6347,5.17
6348,5.17
6349,5.17
6350,5.17
6351,5.17
6352,5.17
6353,5.17
6354,5.17
6355,5.17
6356,5.17
6357,5.17
6358,5.17
6359,5.17
6360,5.17
6361,5.17
6362,5.17
6363,5.17
6364,5.17
6365,5.17
6366,5.17
6367,5.17
6368,5.17
6369,5.17
6370,5.17
6371,5.17
6372,5.17
6373,5.17
6374,5.17
6375,5.17
6376,5.17
6377,5.17
6378,5.17
6379,5.17
6380,5.17
6381,5.17
6382,5.17
6383,5.17
6384,5.17
6385,5.17
6386,5.17
6387,5.17
6388,5.17
6389,5.17
6390,5.17
6391,5.17
6392,5.17
6393,5.17
6394,5.17
6395,5.17
6396,5.17
6397,5.17
6398,5.17
6399,5.17
6400,5.17
6401,5.17
6402,5.17
6403,5.17
6404,5.17
6405,5.17
6406,5.17
6407,5.17
6408,5.17
6409,5.17
6410,5.17
6411,5.17
6412,5.17
6413,5.17
6414,5.17
6415,5.17
6416,5.17
6417,5.17
6418,5.17
6419,5.17
6420,5.17
6421,5.17
6422,5.17
6423,5.17
6424,5.17
6425,5.17
6426,5.17
6427,5.17
6428,5.17
6429,5.17
6430,5.17
6431,5.17
6432,5.17
6433,5.17
6434,5.17
6435,5.17
6436,5.17
6437,5.17
6438,5.17
6439,5.17
6440,5.17
6441,5.17
6442,5.17
6443,5.17
6444,5.17
6445,5.17
6446,5.17
6447,5.17
6448,5.17
6449,5.17
6450,5.17
6451,5.17
6452,5.17
6453,5.17
6454,5.17
6455,5.17
6456,5.17
6457,5.17
6458,5.17
6459,5.17
6460,5.17
6461,5.17
6462,5.17
6463,5.17
6464,5.17
6465,5.17
6466,5.17
6467,5.17
6468,5.17
6469,5.17
6470,5.17
6471,5.17
6472,5.17
6473,5.17
6474,5.17
6475,5.17
6476,5.17
6477,5.17
6478,5.17
6479,5.17
6480,5.17
6481,5.17
6482,5.17
6483,5.17
6484,5.17
6485,5.17
6486,5.17
6487,5.17
6488,5.17
6489,5.17
6490,5.17
6491,5.17
6492,5.17
6493,5.17
6494,5.17
6495,5.17
6496,5.17
6497,5.17
6498,5.17
6499,5.17
6500,5.17
6501,5.17
6502,5.17
6503,5.17
6504,5.17
6505,5.17
6506,5.17
6507,5.17
6508,5.17
6509,5.17
6510,5.17
6511,5.17
6512,5.17
6513,5.17
6514,5.17
6515,5.17
6516,5.17
6517,5.17
6518,5.17
6519,5.17
6520,5.17
6521,5.17
6522,5.17
6523,5.17
6524,5.17
6525,5.17
6526,5.17
6527,5.17
6528,5.17
6529,5.17
6530,5.17
6531,5.17
6532,5.17
6533,5.17
6534,5.17
6535,5.17
6536,5.17
6537,5.17
6538,5.17
6539,5.17
6540,5.17
6541,5.17
6542,5.17
6543,5.17
6544,5.17
6545,5.17
6546,5.17
6547,5.17
6548,5.17
6549,5.17
6550,5.17
6551,5.17
6552,5.17
6553,5.17
6554,5.17
6555,5.17
6556,5.17
6557,5.17
6558,5.17
6559,5.17
6560,5.17
6561,5.17
6562,5.17
6563,5.17
6564,5.17
6565,5.17
6566,5.17
6567,5.17
6568,5.17
6569,5.17
6570,5.17
6571,5.17
6572,5.17
6573,5.17
6574,5.17
6575,5.17
6576,5.17
6577,5.17
6578,5.17
6579,5.17
6580,5.17
6581,5.17
6582,5.17
6583,5.17
6584,5.17
6585,5.17
6586,5.17
6587,5.17
6588,5.17
6589,5.17
6590,5.17
6591,5.17
6592,5.17
6593,5.17
6594,5.17
6595,5.17
6596,5.17
6597,5.17
6598,5.17
6599,5.17
6600,5.17
6601,5.17
6602,5.17
6603,5.17
6604,5.17
6605,5.17
6606,5.17
6607,5.17
6608,5.17
6609,5.17
6610,5.17
6611,5.17
6612,5.17
6613,5.17
6614,5.17
6615,5.17
6616,5.17
6617,5.17
6618,5.17
6619,5.17
6620,5.17
6621,5.17
6622,5.17
6623,5.17
6624,5.17
6625,5.17
6626,5.17
6627,5.17
6628,5.17
6629,5.17
6630,5.17
6631,5.17
6632,5.17
6633,5.17
6634,5.17
6635,5.17
6636,5.17
6637,5.17
6638,5.17
6639,5.17
6640,5.17
6641,5.17
6642,5.17
6643,5.17
6644,5.17
6645,5.17
6646,5.17
6647,5.17
6648,5.17
6649,5.17
6650,5.17
6651,5.17
6652,5.17
6653,5.17
6654,5.17
6655,5.17
6656,5.17
6657,5.17
6658,5.17
6659,5.17
6660,5.17
6661,5.17
6662,5.17
6663,5.17
6664,5.17
6665,5.17
6666,5.17
6667,5.17
6668,5.17
6669,5.17
6670,5.17
6671,5.17
6672,5.17
6673,5.17
6674,5.17
6675,5.17
6676,5.17
6677,5.17
6678,5.17
6679,5.17
6680,5.17
6681,5.17
6682,5.17
6683,5.17
6684,5.17
6685,5.17
6686,5.17
6687,5.17
6688,5.17
6689,5.17
6690,5.17
6691,5.17
6692,5.17
6693,5.17
6694,5.17
6695,5.17
6696,5.17
6697,5.17
6698,5.17
6699,5.17
6700,5.17
6701,5.17
6702,5.17
6703,5.17
6704,5.17
6705,5.17
6706,5.17
6707,5.17
6708,5.17
6709,5.17
6710,5.17
6711,5.17
6712,5.17
6713,5.17
6714,5.17
6715,5.17
6716,5.17
6717,5.17
6718,5.17
6719,5.17
6720,5.17
6721,5.17
6722,5.17
6723,5.17
6724,5.17
6725,5.17
6726,5.17
6727,5.17
6728,5.17
6729,5.17
6730,5.17
6731,5.17
6732,5.17
6733,5.17
6734,5.17
6735,5.17
6736,5.17
6737,5.17
6738,5.17
6739,5.17
6740,5.17
6741,5.17
6742,5.17
6743,5.17
6744,5.17
6745,5.17
6746,5.17
6747,5.17
6748,5.17
6749,5.17
6750,5.17
6751,5.17
6752,5.17
6753,5.17
6754,5.17
6755,5.17
6756,5.17
6757,5.17
6758,5.17
6759,5.17
6760,5.17
6761,5.17
6762,5.17
6763,5.17
6764,5.17
6765,5.17
6766,5.17
6767,5.17
6768,5.17
6769,5.17
6770,5.17
6771,5.17
6772,5.17
6773,5.17
6774,5.17
6775,5.17
6776,5.17
6777,5.17
6778,5.17
6779,5.17
6780,5.17
6781,5.17
6782,5.17
6783,5.17
6784,5.17
6785,5.17
6786,5.17
6787,5.17
6788,5.17
6789,5.17
6790,5.17
6791,5.17
6792,5.17
6793,5.17
6794,5.17
6795,5.17
6796,5.17
6797,5.17
6798,5.17
6799,5.17
6800,5.17
6801,5.17
6802,5.17
6803,5.17
6804,5.17
6805,5.17
6806,5.17
6807,5.17
6808,5.17
6809,5.17
6810,5.17
6811,5.17
6812,5.17
6813,5.17
6814,5.17
6815,5.17
6816,5.17
6817,5.17
6818,5.17
6819,5.17
6820,5.17
6821,5.17
6822,5.17
6823,5.17
6824,5.17
6825,5.17
6826,5.17
6827,5.17
6828,5.17
6829,5.17
6830,5.17
6831,5.17
6832,5.17
6833,5.17
6834,5.17
6835,5.17
6836,5.17
6837,5.17
6838,5.17
6839,5.17
6840,5.17
6841,5.17
6842,5.17
6843,5.17
6844,5.17
6845,5.17
6846,5.17
6847,5.17
6848,5.17
6849,5.17
6850,5.17
6851,5.17
6852,5.17
6853,5.17
6854,5.17
6855,5.17
6856,5.17
6857,5.17
6858,5.17
6859,5.17
6860,5.17
6861,5.17
6862,5.17
6863,5.17
6864,5.17
6865,5.17
6866,5.17
6867,5.17
6868,5.17
6869,5.17
6870,5.17
6871,5.17
6872,5.17
6873,5.17
6874,5.17
6875,5.17
6876,5.17
6877,5.17
6878,5.17
6879,5.17
6880,5.17
6881,5.17
6882,5.17
6883,5.17
6884,5.17
6885,5.17
6886,5.17
6887,5.17
6888,5.17
6889,5.17
6890,5.17
6891,5.17
6892,5.17
6893,5.17
6894,5.17
6895,5.17
6896,5.17
6897,5.17
6898,5.17
6899,5.17
6900,5.17
6901,5.17
6902,5.17
6903,5.17
6904,5.17
6905,5.17
6906,5.17
6907,5.17
6908,5.17
6909,5.17
6910,5.17
6911,5.17
6912,5.17
6913,5.17
6914,5.17
6915,5.17
6916,5.17
6917,5.17
6918,5.17
6919,5.17
6920,5.17
6921,5.17
6922,5.17
6923,5.17
6924,5.17
6925,5.17
6926,5.17
6927,5.17
6928,5.17
6929,5.17
6930,5.17
6931,5.17
6932,5.17
6933,5.17
6934,5.17
6935,5.17
6936,5.17
6937,5.17
6938,5.17
6939,5.17
6940,5.17
6941,5.17
6942,5.17
6943,5.17
6944,5.17
6945,5.17
6946,5.17
6947,5.17
6948,5.17
6949,5.17
6950,5.17
6951,5.17
6952,5.17
6953,5.17
6954,5.17
6955,5.17
6956,5.17
6957,5.17
6958,5.17
6959,5.17
6960,5.17
6961,5.17
6962,5.17
6963,5.17
6964,5.17
6965,5.17
6966,5.17
6967,5.17
6968,5.17
6969,5.17
6970,5.17
6971,5.17
6972,5.17
6973,5.17
6974,5.17
6975,5.17
6976,5.17
6977,5.17
6978,5.17
6979,5.17
6980,5.17
6981,5.17
6982,5.17
6983,5.17
6984,5.17
6985,5.17
6986,5.17
6987,5.17
6988,5.17
6989,5.17
6990,5.17
6991,5.17
6992,5.17
6993,5.17
6994,5.17
6995,5.17
6996,5.17
6997,5.17
6998,5.17
6999,5.17
7000,5.17
7001,5.17
7002,5.17
7003,5.17
7004,5.17
7005,5.17
7006,5.17
7007,5.17
7008,5.17
7009,5.17
7010,5.17
7011,5.17
7012,5.17
7013,5.17
7014,5.17
7015,5.17
7016,5.17
7017,5.17
7018,5.17
7019,5.17
7020,5.17
7021,5.17
7022,5.17
7023,5.17
7024,5.17
7025,5.17
7026,5.17
7027,5.17
7028,5.17
7029,5.17
7030,5.17
7031,5.17
7032,5.17
7033,5.17
7034,5.17
7035,5.17
7036,5.17
7037,5.17
7038,5.17
7039,5.17
7040,5.17
7041,5.17
7042,5.17
7043,5.17
7044,5.17
7045,5.17
7046,5.17
7047,5.17
7048,5.17
7049,5.17
7050,5.17
7051,5.17
7052,5.17
7053,5.17
7054,5.17
7055,5.17
7056,5.17
7057,5.17
7058,5.17
7059,5.17
7060,5.17
7061,5.17
7062,5.17
7063,5.17
7064,5.17
7065,5.17
7066,5.17
7067,5.17
7068,5.17
7069,5.17
7070,5.17
7071,5.17
7072,5.17
7073,5.17
7074,5.17
7075,5.17
7076,5.17
7077,5.17
7078,5.17
7079,5.17
7080,5.17
7081,5.17
7082,5.17
7083,5.17
7084,5.17
7085,5.17
7086,5.17
7087,5.17
7088,5.17
7089,5.17
7090,5.17
7091,5.17
7092,5.17
7093,5.17
7094,5.17
7095,5.17
7096,5.17
7097,5.17
7098,5.17
7099,5.17
7100,5.17
7101,5.17
7102,5.17
7103,5.17
7104,5.17
7105,5.17
7106,5.17
7107,5.17
7108,5.17
7109,5.17
7110,5.17
7111,5.17
7112,5.17
7113,5.17
7114,5.17
7115,5.17
7116,5.17
7117,5.17
7118,5.17
7119,5.17
7120,5.17
7121,5.17
7122,5.17
7123,5.17
7124,5.17
7125,5.17
7126,5.17
7127,5.17
7128,5.17
7129,5.17
7130,5.17
7131,5.17
7132,5.17
7133,5.17
7134,5.17
7135,5.17
7136,5.17
7137,5.17
7138,5.17
7139,5.17
7140,5.17
7141,5.17
7142,5.17
7143,5.17
7144,5.17
7145,5.17
7146,5.17
7147,5.17
7148,5.17
7149,5.17
7150,5.17
7151,5.17
7152,5.17
7153,5.17
7154,5.17
7155,5.17
7156,5.17
7157,5.17
7158,5.17
7159,5.17
7160,5.17
7161,5.17
7162,5.17
7163,5.17
7164,5.17
7165,5.17
7166,5.17
7167,5.17
7168,5.17
7169,5.17
7170,5.17
7171,5.17
7172,5.17
7173,5.17
7174,5.17
7175,5.17
7176,5.17
7177,5.17
7178,5.17
7179,5.17
7180,5.17
7181,5.17
7182,5.17
7183,5.17
7184,5.17
7185,5.17
7186,5.17
7187,5.17
7188,5.17
7189,5.17
7190,5.17
7191,5.17
7192,5.17
7193,5.17
7194,5.17
7195,5.17
7196,5.17
7197,5.17
7198,5.17
7199,5.17
7200,5.17
7201,5.17
7202,5.17
7203,5.17
7204,5.17
7205,5.17
7206,5.17
7207,5.17
7208,5.17
7209,5.17
7210,5.17
7211,5.17
7212,5.17
7213,5.17
7214,5.17
7215,5.17
7216,5.17
7217,5.17
7218,5.17
7219,5.17
7220,5.17
7221,5.17
7222,5.17
7223,5.17
7224,5.17
7225,5.17
7226,5.17
7227,5.17
7228,5.17
7229,5.17
7230,5.17
7231,5.17
7232,5.17
7233,5.17
7234,5.17
7235,5.17
7236,5.17
7237,5.17
7238,5.17
7239,5.17
7240,5.17
7241,5.17
7242,5.17
7243,5.17
7244,5.17
7245,5.17
7246,5.17
7247,5.17
7248,5.17
7249,5.17
7250,5.17
7251,5.17
7252,5.17
7253,5.17
7254,5.17
7255,5.17
7256,5.17
7257,5.17
7258,5.17
7259,5.17
7260,5.17
7261,5.17
7262,5.17
7263,5.17
7264,5.17
7265,5.17
7266,5.17
7267,5.17
7268,5.17
7269,5.17
7270,5.17
7271,5.17
7272,5.17
7273,5.17
7274,5.17
7275,5.17
7276,5.17
7277,5.17
7278,5.17
7279,5.17
7280,5.17
7281,5.17
7282,5.17
7283,5.17
7284,5.17
7285,5.17
7286,5.17
7287,5.17
7288,5.17
7289,5.17
7290,5.17
7291,5.17
7292,5.17
7293,5.17
7294,5.17
7295,5.17
7296,5.17
7297,5.17
7298,5.17
7299,5.17
7300,5.17
7301,5.17
7302,5.17
7303,5.17
7304,5.17
7305,5.17
7306,5.17
7307,5.17
7308,5.17
7309,5.17
7310,5.17
7311,5.17
7312,5.17
7313,5.17
7314,5.17
7315,5.17
7316,5.17
7317,5.17
7318,5.17
7319,5.17
7320,5.17
7321,5.17
7322,5.17
7323,5.17
7324,5.17
7325,5.17
7326,5.17
7327,5.17
7328,5.17
7329,5.17
7330,5.17
7331,5.17
7332,5.17
7333,5.17
7334,5.17
7335,5.17
7336,5.17
7337,5.17
7338,5.17
7339,5.17
7340,5.17
7341,5.17
7342,5.17
7343,5.17
7344,5.17
7345,5.17
7346,5.17
7347,5.17
7348,5.17
7349,5.17
7350,5.17
7351,5.17
7352,5.17
7353,5.17
7354,5.17
7355,5.17
7356,5.17
7357,5.17
7358,5.17
7359,5.17
7360,5.17
7361,5.17
7362,5.17
7363,5.17
7364,5.17
7365,5.17
7366,5.17
7367,5.17
7368,5.17
7369,5.17
7370,5.17
7371,5.17
7372,5.17
7373,5.17
7374,5.17
7375,5.17
7376,5.17
7377,5.17
7378,5.17
7379,5.17
7380,5.17
7381,5.17
7382,5.17
7383,5.17
7384,5.17
7385,5.17
7386,5.17
7387,5.17
7388,5.17
7389,5.17
7390,5.17
7391,5.17
7392,5.17
7393,5.17
7394,5.17
7395,5.17
7396,5.17
7397,5.17
7398,5.17
7399,5.17
7400,5.17
7401,5.17
7402,5.17
7403,5.17
7404,5.17
7405,5.17
7406,5.17
7407,5.17
7408,5.17
7409,5.17
7410,5.17
7411,5.17
7412,5.17
7413,5.17
7414,5.17
7415,5.17
7416,5.17
7417,5.17
7418,5.17
7419,5.17
7420,5.17
7421,5.17
7422,5.17
7423,5.17
7424,5.17
7425,5.17
7426,5.17
7427,5.17
7428,5.17
7429,5.17
7430,5.17
7431,5.17
7432,5.17
7433,5.17
7434,5.17
7435,5.17
7436,5.17
7437,5.17
7438,5.17
7439,5.17
7440,5.17
7441,5.17
7442,5.17
7443,5.17
7444,5.17
7445,5.17
7446,5.17
7447,5.17
7448,5.17
7449,5.17
7450,5.17
7451,5.17
7452,5.17
7453,5.17
7454,5.17
7455,5.17
7456,5.17
7457,5.17
7458,5.17
7459,5.17
7460,5.17
7461,5.17
7462,5.17
7463,5.17
7464,5.17
7465,5.17
7466,5.17
7467,5.17
7468,5.17
7469,5.17
7470,5.17
7471,5.17
7472,5.17
7473,5.17
7474,5.17
7475,5.17
7476,5.17
7477,5.17
7478,5.17
7479,5.17
7480,5.17
7481,5.17
7482,5.17
7483,5.17
7484,5.17
7485,5.17
7486,5.17
7487,5.17
7488,5.17
7489,5.17
7490,5.17
7491,5.17
7492,5.17
7493,5.17
7494,5.17
7495,5.17
7496,5.17
7497,5.17
7498,5.17
7499,5.17
7500,5.17
7501,5.17
7502,5.17
7503,5.17
7504,5.17
7505,5.17
7506,5.17
7507,5.17
7508,5.17
7509,5.17
7510,5.17
7511,5.17
7512,5.17
7513,5.17
7514,5.17
7515,5.17
7516,5.17
7517,5.17
7518,5.17
7519,5.17
7520,5.17
7521,5.17
7522,5.17
7523,5.17
7524,5.17
7525,5.17
7526,5.17
7527,5.17
7528,5.17
7529,5.17
7530,5.17
7531,5.17
7532,5.17
7533,5.17
7534,5.17
7535,5.17
7536,5.17
7537,5.17
7538,5.17
7539,5.17
7540,5.17
7541,5.17
7542,5.17
7543,5.17
7544,5.17
7545,5.17
7546,5.17
7547,5.17
7548,5.17
7549,5.17
7550,5.17
7551,5.17
7552,5.17
7553,5.17
7554,5.17
7555,5.17
7556,5.17
7557,5.17
7558,5.17
7559,5.17
7560,5.17
7561,5.17
7562,5.17
7563,5.17
7564,5.17
7565,5.17
7566,5.17
7567,5.17
7568,5.17
7569,5.17
7570,5.17
7571,5.17
7572,5.17
7573,5.17
7574,5.17
7575,5.17
7576,5.17
7577,5.17
7578,5.17
7579,5.17
7580,5.17
7581,5.17
7582,5.17
7583,5.17
7584,5.17
7585,5.17
7586,5.17
7587,5.17
7588,5.17
7589,5.17
7590,5.17
7591,5.17
7592,5.17
7593,5.17
7594,5.17
7595,5.17
7596,5.17
7597,5.17
7598,5.17
7599,5.17
7600,5.17
7601,5.17
7602,5.17
7603,5.17
7604,5.17
7605,5.17
7606,5.17
7607,5.17
7608,5.17
7609,5.17
7610,5.17
7611,5.17
7612,5.17
7613,5.17
7614,5.17
7615,5.17
7616,5.17
7617,5.17
7618,5.17
7619,5.17
7620,5.17
7621,5.17
7622,5.17
7623,5.17
7624,5.17
7625,5.17
7626,5.17
7627,5.17
7628,5.17
7629,5.17
7630,5.17
7631,5.17
7632,5.17
7633,5.17
7634,5.17
7635,5.17
7636,5.17
7637,5.17
7638,5.17
7639,5.17
7640,5.17
7641,5.17
7642,5.17
7643,5.17
7644,5.17
7645,5.17
7646,5.17
7647,5.17
7648,5.17
7649,5.17
7650,5.17
7651,5.17
7652,5.17
7653,5.17
7654,5.17
7655,5.17
7656,5.17
7657,5.17
7658,5.17
7659,5.17
7660,5.17
7661,5.17
7662,5.17
7663,5.17
7664,5.17
7665,5.17
7666,5.17
7667,5.17
7668,5.17
7669,5.17
7670,5.17
7671,5.17
7672,5.17
7673,5.17
7674,5.17
7675,5.17
7676,5.17
7677,5.17
7678,5.17
7679,5.17
7680,5.17
7681,5.17
7682,5.17
7683,5.17
7684,5.17
7685,5.17
7686,5.17
7687,5.17
7688,5.17
7689,5.17
7690,5.17
7691,5.17
7692,5.17
7693,5.17
7694,5.17
7695,5.17
7696,5.17
7697,5.17
7698,5.17
7699,5.17
7700,5.17
7701,5.17
7702,5.17
7703,5.17
7704,5.17
7705,5.17
7706,5.17
7707,5.17
7708,5.17
7709,5.17
7710,5.17
7711,5.17
7712,5.17
7713,5.17
7714,5.17
7715,5.17
7716,5.17
7717,5.17
7718,5.17
7719,5.17
7720,5.17
7721,5.17
7722,5.17
7723,5.17
7724,5.17
7725,5.17
7726,5.17
7727,5.17
7728,5.17
7729,5.17
7730,5.17
7731,5.17
7732,5.17
7733,5.17
7734,5.17
7735,5.17
7736,5.17
7737,5.17
7738,5.17
7739,5.17
7740,5.17
7741,5.17
7742,5.17
7743,5.17
7744,5.17
7745,5.17
7746,5.17
7747,5.17
7748,5.17
7749,5.17
7750,5.17
7751,5.17
7752,5.17
7753,5.17
7754,5.17
7755,5.17
7756,5.17
7757,5.17
7758,5.17
7759,5.17
7760,5.17
7761,5.17
7762,5.17
7763,5.17
7764,5.17
7765,5.17
7766,5.17
7767,5.17
7768,5.17
7769,5.17
7770,5.17
7771,5.17
7772,5.17
7773,5.17
7774,5.17
7775,5.17
7776,5.17
7777,5.17
7778,5.17
7779,5.17
7780,5.17
7781,5.17
7782,5.17
7783,5.17
7784,5.17
7785,5.17
7786,5.17
7787,5.17
7788,5.17
7789,5.17
7790,5.17
7791,5.17
7792,5.17
7793,5.17
7794,5.17
7795,5.17
7796,5.17
7797,5.17
7798,5.17
7799,5.17
7800,5.17
7801,5.17
7802,5.17
7803,5.17
7804,5.17
7805,5.17
7806,5.17
7807,5.17
7808,5.17
7809,5.17
7810,5.17
7811,5.17
7812,5.17
7813,5.17
7814,5.17
7815,5.17
7816,5.17
7817,5.17
7818,5.17
7819,5.17
7820,5.17
7821,5.17
7822,5.17
7823,5.17
7824,5.17
7825,5.17
7826,5.17
7827,5.17
7828,5.17
7829,5.17
7830,5.17
7831,5.17
7832,5.17
7833,5.17
7834,5.17
7835,5.17
7836,5.17
7837,5.17
7838,5.17
7839,5.17
7840,5.17
7841,5.17
7842,5.17
7843,5.17
7844,5.17
7845,5.17
7846,5.17
7847,5.17
7848,5.17
7849,5.17
7850,5.17
7851,5.17
7852,5.17
7853,5.17
7854,5.17
7855,5.17
7856,5.17
7857,5.17
7858,5.17
7859,5.17
7860,5.17
7861,5.17
7862,5.17
7863,5.17
7864,5.17
7865,5.17
7866,5.17
7867,5.17
7868,5.17
7869,5.17
7870,5.17
7871,5.17
7872,5.17
7873,5.17
7874,5.17
7875,5.17
7876,5.17
7877,5.17
7878,5.17
7879,5.17
7880,5.17
7881,5.17
7882,5.17
7883,5.17
7884,5.17
7885,5.17
7886,5.17
7887,5.17
7888,5.17
7889,5.17
7890,5.17
7891,5.17
7892,5.17
7893,5.17
7894,5.17
7895,5.17
7896,5.17
7897,5.17
7898,5.17
7899,5.17
7900,5.17
7901,5.17
7902,5.17
7903,5.17
7904,5.17
7905,5.17
7906,5.17
7907,5.17
7908,5.17
7909,5.17
7910,5.17
7911,5.17
7912,5.17
7913,5.17
7914,5.17
7915,5.17
7916,5.17
7917,5.17
7918,5.17
7919,5.17
7920,5.17
7921,5.17
7922,5.17
7923,5.17
7924,5.17
7925,5.17
7926,5.17
7927,5.17
7928,5.17
7929,5.17
7930,5.17
7931,5.17
7932,5.17
7933,5.17
7934,5.17
7935,5.17
7936,5.17
7937,5.17
7938,5.17
7939,5.17
7940,5.17
7941,5.17
7942,5.17
7943,5.17
7944,5.17
7945,5.17
7946,5.17
7947,5.17
7948,5.17
7949,5.17
7950,5.17
7951,5.17
7952,5.17
7953,5.17
7954,5.17
7955,5.17
7956,5.17
7957,5.17
7958,5.17
7959,5.17
7960,5.17
7961,5.17
7962,5.17
7963,5.17
7964,5.17
7965,5.17
7966,5.17
7967,5.17
7968,5.17
7969,5.17
7970,5.17
7971,5.17
7972,5.17
7973,5.17
7974,5.17
7975,5.17
7976,5.17
7977,5.17
7978,5.17
7979,5.17
7980,5.17
7981,5.17
7982,5.17
7983,5.17
7984,5.17
7985,5.17
7986,5.17
7987,5.17
7988,5.17
7989,5.17
7990,5.17
7991,5.17
7992,5.17
7993,5.17
7994,5.17
7995,5.17
7996,5.17
7997,5.17
7998,5.17
7999,5.17
8000,5.17
8001,5.17
8002,5.17
8003,5.17
8004,5.17
8005,5.17
8006,5.17
8007,5.17
8008,5.17
8009,5.17
8010,5.17
8011,5.17
8012,5.17
8013,5.17
8014,5.17
8015,5.17
8016,5.17
8017,5.17
8018,5.17
8019,5.17
8020,5.17
8021,5.17
8022,5.17
8023,5.17
8024,5.17
8025,5.17
8026,5.17
8027,5.17
8028,5.17
8029,5.17
8030,5.17
8031,5.17
8032,5.17
8033,5.17
8034,5.17
8035,5.17
8036,5.17
8037,5.17
8038,5.17
8039,5.17
8040,5.17
8041,5.17
8042,5.17
8043,5.17
8044,5.17
8045,5.17
8046,5.17
8047,5.17
8048,5.17
8049,5.17
8050,5.17
8051,5.17
8052,5.17
8053,5.17
8054,5.17
8055,5.17
8056,5.17
8057,5.17
8058,5.17
8059,5.17
8060,5.17
8061,5.17
8062,5.17
8063,5.17
8064,5.17
8065,5.17
8066,5.17
8067,5.17
8068,5.17
8069,5.17
8070,5.17
8071,5.17
8072,5.17
8073,5.17
8074,5.17
8075,5.17
8076,5.17
8077,5.17
8078,5.17
8079,5.17
8080,5.17
8081,5.17
8082,5.17
8083,5.17
8084,5.17
8085,5.17
8086,5.17
8087,5.17
8088,5.17
8089,5.17
8090,5.17
8091,5.17
8092,5.17
8093,5.17
8094,5.17
8095,5.17
8096,5.17
8097,5.17
8098,5.17
8099,5.17
8100,5.17
8101,5.17
8102,5.17
8103,5.17
8104,5.17
8105,5.17
8106,5.17
8107,5.17
8108,5.17
8109,5.17
8110,5.17
8111,5.17
8112,5.17
8113,5.17
8114,5.17
8115,5.17
8116,5.17
8117,5.17
8118,5.17
8119,5.17
8120,5.17
8121,5.17
8122,5.17
8123,5.17
8124,5.17
8125,5.17
8126,5.17
8127,5.17
8128,5.17
8129,5.17
8130,5.17
8131,5.17
8132,5.17
8133,5.17
8134,5.17
8135,5.17
8136,5.17
8137,5.17
8138,5.17
8139,5.17
8140,5.17
8141,5.17
8142,5.17
8143,5.17
8144,5.17
8145,5.17
8146,5.17
8147,5.17
8148,5.17
8149,5.17
8150,5.17
8151,5.17
8152,5.17
8153,5.17
8154,5.17
8155,5.17
8156,5.17
8157,5.17
8158,5.17
8159,5.17
8160,5.17
8161,5.17
8162,5.17
8163,5.17
8164,5.17
8165,5.17
8166,5.17
8167,5.17
8168,5.17
8169,5.17
8170,5.17
8171,5.17
8172,5.17
8173,5.17
8174,5.17
8175,5.17
8176,5.17
8177,5.17
8178,5.17
8179,5.17
8180,5.17
8181,5.17
8182,5.17
8183,5.17
8184,5.17
8185,5.17
8186,5.17
8187,5.17
8188,5.17
8189,5.17
8190,5.17
8191,5.17
8192,5.17
8193,5.17
8194,5.17
8195,5.17
8196,5.17
8197,5.17
8198,5.17
8199,5.17
8200,5.17
8201,5.17
8202,5.17
8203,5.17
8204,5.17
8205,5.17
8206,5.17
8207,5.17
8208,5.17
8209,5.17
8210,5.17
8211,5.17
8212,5.17
8213,5.17
8214,5.17
8215,5.17
8216,5.17
8217,5.17
8218,5.17
8219,5.17
8220,5.17
8221,5.17
8222,5.17
8223,5.17
8224,5.17
8225,5.17
8226,5.17
8227,5.17
8228,5.17
8229,5.17
8230,5.17
8231,5.17
8232,5.17
8233,5.17
8234,5.17
8235,5.17
8236,5.17
8237,5.17
8238,5.17
8239,5.17
8240,5.17
8241,5.17
8242,5.17
8243,5.17
8244,5.17
8245,5.17
8246,5.17
8247,5.17
8248,5.17
8249,5.17
8250,5.17
8251,5.17
8252,5.17
8253,5.17
8254,5.17
8255,5.17
8256,5.17
8257,5.17
8258,5.17
8259,5.17
8260,5.17
8261,5.17
8262,5.17
8263,5.17
8264,5.17
8265,5.17
8266,5.17
8267,5.17
8268,5.17
8269,5.17
8270,5.17
8271,5.17
8272,5.17
8273,5.17
8274,5.17
8275,5.17
8276,5.17
8277,5.17
8278,5.17
8279,5.17
8280,5.17
8281,5.17
8282,5.17
8283,5.17
8284,5.17
8285,5.17
8286,5.17
8287,5.17
8288,5.17
8289,5.17
8290,5.17
8291,5.17
8292,5.17
8293,5.17
8294,5.17
8295,5.17
8296,5.17
8297,5.17
8298,5.17
8299,5.17
8300,5.17
8301,5.17
8302,5.17
8303,5.17
8304,5.17
8305,5.17
8306,5.17
8307,5.17
8308,5.17
8309,5.17
8310,5.17
8311,5.17
8312,5.17
8313,5.17
8314,5.17
8315,5.17
8316,5.17
8317,5.17
8318,5.17
8319,5.17
8320,5.17
8321,5.17
8322,5.17
8323,5.17
8324,5.17
8325,5.17
8326,5.17
8327,5.17
8328,5.17
8329,5.17
8330,5.17
8331,5.17
8332,5.17
8333,5.17
8334,5.17
8335,5.17
8336,5.17
8337,5.17
8338,5.17
8339,5.17
8340,5.17
8341,5.17
8342,5.17
8343,5.17
8344,5.17
8345,5.17
8346,5.17
8347,5.17
8348,5.17
8349,5.17
8350,5.17
8351,5.17
8352,5.17
8353,5.17
8354,5.17
8355,5.17
8356,5.17
8357,5.17
8358,5.17
8359,5.17
8360,5.17
8361,5.17
8362,5.17
8363,5.17
8364,5.17
8365,5.17
8366,5.17
8367,5.17
8368,5.17
8369,5.17
8370,5.17
8371,5.17
8372,5.17
8373,5.17
8374,5.17
8375,5.17
8376,5.17
8377,5.17
8378,5.17
8379,5.17
8380,5.17
8381,5.17
8382,5.17
8383,5.17
8384,5.17
8385,5.17
8386,5.17
8387,5.17
8388,5.17
8389,5.17
8390,5.17
8391,5.17
8392,5.17
8393,5.17
8394,5.17
8395,5.17
8396,5.17
8397,5.17
8398,5.17
8399,5.17
8400,5.17
8401,5.17
8402,5.17
8403,5.17
8404,5.17
8405,5.17
8406,5.17
8407,5.17
8408,5.17
8409,5.17
8410,5.17
8411,5.17
8412,5.17
8413,5.17
8414,5.17
8415,5.17
8416,5.17
8417,5.17
8418,5.17
8419,5.17
8420,5.17
8421,5.17
8422,5.17
8423,5.17
8424,5.17
8425,5.17
8426,5.17
8427,5.17
8428,5.17
8429,5.17
8430,5.17
8431,5.17
8432,5.17
8433,5.17
8434,5.17
8435,5.17
8436,5.17
8437,5.17
8438,5.17
8439,5.17
8440,5.17
8441,5.17
8442,5.17
8443,5.17
8444,5.17
8445,5.17
8446,5.17
8447,5.17
8448,5.17
8449,5.17
8450,5.17
8451,5.17
8452,5.17
8453,5.17
8454,5.17
8455,5.17
8456,5.17
8457,5.17
8458,5.17
8459,5.17
8460,5.17
8461,5.17
8462,5.17
8463,5.17
8464,5.17
8465,5.17
8466,5.17
8467,5.17
8468,5.17
8469,5.17
8470,5.17
8471,5.17
8472,5.17
8473,5.17
8474,5.17
8475,5.17
8476,5.17
8477,5.17
8478,5.17
8479,5.17
8480,5.17
8481,5.17
8482,5.17
8483,5.17
8484,5.17
8485,5.17
8486,5.17
8487,5.17
8488,5.17
8489,5.17
8490,5.17
8491,5.17
8492,5.17
8493,5.17
8494,5.17
8495,5.17
8496,5.17
8497,5.17
8498,5.17
8499,5.17
8500,5.17
8501,5.17
8502,5.17
8503,5.17
8504,5.17
8505,5.17
8506,5.17
8507,5.17
8508,5.17
8509,5.17
8510,5.17
8511,5.17
8512,5.17
8513,5.17
8514,5.17
8515,5.17
8516,5.17
8517,5.17
8518,5.17
8519,5.17
8520,5.17
8521,5.17
8522,5.17
8523,5.17
8524,5.17
8525,5.17
8526,5.17
8527,5.17
8528,5.17
8529,5.17
8530,5.17
8531,5.17
8532,5.17
8533,5.17
8534,5.17
8535,5.17
8536,5.17
8537,5.17
8538,5.17
8539,5.17
8540,5.17
8541,5.17
8542,5.17
8543,5.17
8544,5.17
8545,5.17
8546,5.17
8547,5.17
8548,5.17
8549,5.17
8550,5.17
8551,5.17
8552,5.17
8553,5.17
8554,5.17
8555,5.17
8556,5.17
8557,5.17
8558,5.17
8559,5.17
8560,5.17
8561,5.17
8562,5.17
8563,5.17
8564,5.17
8565,5.17
8566,5.17
8567,5.17
8568,5.17
8569,5.17
8570,5.17
8571,5.17
8572,5.17
8573,5.17
8574,5.17
8575,5.17
8576,5.17
8577,5.17
8578,5.17
8579,5.17
8580,5.17
8581,5.17
8582,5.17
8583,5.17
8584,5.17
8585,5.17
8586,5.17
8587,5.17
8588,5.17
8589,5.17
8590,5.17
8591,5.17
8592,5.17
8593,5.17
8594,5.17
8595,5.17
8596,5.17
8597,5.17
8598,5.17
8599,5.17
8600,5.17
8601,5.17
8602,5.17
8603,5.17
8604,5.17
8605,5.17
8606,5.17
8607,5.17
8608,5.17
8609,5.17
8610,5.17
8611,5.17
8612,5.17
8613,5.17
8614,5.17
8615,5.17
8616,5.17
8617,5.17
8618,5.17
8619,5.17
8620,5.17
8621,5.17
8622,5.17
8623,5.17
8624,5.17
8625,5.17
8626,5.17
8627,5.17
8628,5.17
8629,5.17
8630,5.17
8631,5.17
8632,5.17
8633,5.17
8634,5.17
8635,5.17
8636,5.17
8637,5.17
8638,5.17
8639,5.17
8640,5.17
8641,5.17
8642,5.17
8643,5.17
8644,5.17
8645,5.17
8646,5.17
8647,5.17
8648,5.17
8649,5.17
8650,5.17
8651,5.17
8652,5.17
8653,5.17
8654,5.17
8655,5.17
8656,5.17
8657,5.17
8658,5.17
8659,5.17
8660,5.17
8661,5.17
8662,5.17
8663,5.17
8664,5.17
8665,5.17
8666,5.17
8667,5.17
8668,5.17
8669,5.17
8670,5.17
8671,5.17
8672,5.17
8673,5.17
8674,5.17
8675,5.17
8676,5.17
8677,5.17
8678,5.17
8679,5.17
8680,5.17
8681,5.17
8682,5.17
8683,5.17
8684,5.17
8685,5.17
8686,5.17
8687,5.17
8688,5.17
8689,5.17
8690,5.17
8691,5.17
8692,5.17
8693,5.17
8694,5.17
8695,5.17
8696,5.17
8697,5.17
8698,5.17
8699,5.17
8700,5.17
8701,5.17
8702,5.17
8703,5.17
8704,5.17
8705,5.17
8706,5.17
8707,5.17
8708,5.17
8709,5.17
8710,5.17
8711,5.17
8712,5.17
8713,5.17
8714,5.17
8715,5.17
8716,5.17
8717,5.17
8718,5.17
8719,5.17
8720,5.17
8721,5.17
8722,5.17
8723,5.17
8724,5.17
8725,5.17
8726,5.17
8727,5.17
8728,5.17
8729,5.17
8730,5.17
8731,5.17
8732,5.17
8733,5.17
8734,5.17
8735,5.17
8736,5.17
8737,5.17
8738,5.17
8739,5.17
8740,5.17
8741,5.17
8742,5.17
8743,5.17
8744,5.17
8745,5.17
8746,5.17
8747,5.17
8748,5.17
8749,5.17
8750,5.17
8751,5.17
8752,5.17
8753,5.17
8754,5.17
8755,5.17
8756,5.17
8757,5.17
8758,5.17
8759,5.17
8760,5.17